t,friction,command,latent_slip,tactile,force,latent_est,detector,target_action,latent_action,threshold_action
0,0.542323591346572,0.7,0.0,0.16268171719732763,0.6873972631067525,0.14099082157101728,0.0,0.64,0.7175449518640595,0.64
1,0.5252907028630404,0.7063128740005686,0.0,0.31728183172042257,0.7232787413656061,0.23399474031125472,0.0,0.64,0.7686971071711901,0.64
2,0.5874874249090647,0.7126082648519139,0.0,0.25299295487182355,0.7200213312690498,0.24230514424417243,0.0,0.64,0.7732678293342948,0.64
3,0.509586092200461,0.71886873782341,0.0,0.2391213137775278,0.7388214593498877,0.24100810551592328,0.0,0.64,0.7725544580337578,0.64
4,0.51200961562805,0.7250769548875342,0.0,0.07244952409298593,0.7063493838582048,0.17415116527127714,0.0,0.64,0.7357831408992025,0.64
5,0.5750907442874724,0.731215722736558,0.0,0.2637987483111236,0.7055263327415783,0.20935598802224015,0.0,0.64,0.7551457934122321,0.64
6,0.5783580614150018,0.737268040398445,0.0,0.12308883979139353,0.8059692530917947,0.17560422371809015,0.0,0.64,0.7365823230449496,0.64
7,0.5889562052736924,0.7432171463200863,0.0,0.1316947221078511,0.7136365104710953,0.1584484655653448,0.0,0.64,0.7271466560609396,0.64
8,0.5650874062434954,0.7490465647874783,0.0,0.2736300415890812,0.758983654930266,0.2034276456569706,0.0,0.64,0.7518852051113338,0.64
9,0.5651275398137907,0.7547401515542854,0.0,0.13532380172684208,0.8035770041502815,0.17683770890642472,0.0,0.64,0.7372607398985336,0.64
10,0.557436250782115,0.7602821385524214,0.0,0.24628496473463987,0.7006924131579768,0.20395023497346182,0.0,0.64,0.7521726292354041,0.64
11,0.5862409929609169,0.7656571775608267,0.0,-0.03653931142891065,0.7527934235181999,0.1100644903179458,0.0,0.64,0.7005354696748702,0.64
12,0.5846989586153544,0.7708503827115023,0.0,0.2643314368592845,0.768359186914184,0.1702888350908582,0.0,0.64,0.733658859299972,0.64
13,0.5470226566044569,0.775847371715084,0.0,0.27177821259008,0.8136810434113806,0.20990917606891787,0.0,0.64,0.7554500468379048,0.64
14,0.6372409586658041,0.7806343056917825,0.0,0.23734723357504567,0.7286675823025325,0.22062067860342188,0.0,0.64,0.7613413732318821,0.64
15,0.6155270844106846,0.7851979274973829,0.0,0.16111025158947911,0.73460641652533,0.19738850302581862,0.0,0.64,0.7485636766642003,0.64
16,0.5710548053036721,0.7895255984381587,0.0,0.35452968702540366,0.7082539165402117,0.2587345742712453,0.0,0.64,0.782304015849185,0.64
17,0.5593488441023587,0.7936053332730233,0.0,0.368974065934605,0.8167452112880159,0.3017707731098616,0.0,0.64,0.8059739252104239,0.64
18,0.5490544599207261,0.7974258334059797,0.0,0.23505672685757728,0.7679753558165217,0.2757263960678601,0.0,0.64,0.7916495178373231,0.64
19,0.575406534778274,0.8009765181769475,0.0,0.33360663167404436,0.8072665933944869,0.2983221573751509,0.0,0.64,0.804077186556333,0.64
20,0.6192940930776208,0.8042475541643043,0.0,0.4080334194089208,0.8290086982945197,0.34115213992177656,0.0,0.64,0.8276336769569772,0.64
21,0.6303729196368131,0.8072298824179939,0.0,0.032433259166289474,0.8584992231541575,0.22063193067470432,0.0,0.64,0.7613475618710874,0.64
22,0.6463297921558028,0.8099152435477784,0.0,-0.010649625009864633,0.784568042524325,0.13034233969092865,0.0,0.64,0.7116882868300107,0.64
23,0.6457784979880559,0.812296200597155,0.0,0.20393980677669465,0.8530773074712468,0.15907392262988054,0.0,0.64,0.7274906574464344,0.64
24,0.5839744743636267,0.8143661596395881,0.0,0.2706267426426528,0.8083606095883967,0.20262282759855557,0.0,0.64,0.7514425551792056,0.64
25,0.6358236941948721,0.8161193880400176,0.0,0.23698554011263065,0.8619457974743361,0.21603762519427963,0.0,0.64,0.7588206938568538,0.64
26,0.6089644708245489,0.8175510303310691,0.0,0.3381397111574233,0.8186229879929602,0.2637048391409373,0.0,0.64,0.7850376615275155,0.64
27,0.6050943277993017,0.818657121659998,0.0,0.3876427236460852,0.8008640782537682,0.31208872718168446,0.0,0.64,0.8116487999499264,0.64
28,0.5927690001885448,0.8194345987691252,0.0,0.189586893629162,0.807514612783782,0.26426545649210265,0.0,0.64,0.7853460010706564,0.64
29,0.6789343492495503,0.8198813084793575,0.0,0.38889741961794144,0.7691484293164127,0.3129203046383765,0.0,0.64,0.8121061675511071,0.64
30,0.6157632121152028,0.8199960136532954,0.0,0.3509599609062494,0.8543561076634371,0.3277705376992226,0.0,0.64,0.8202737957345725,0.64
31,0.652273836820624,0.819778396621416,0.0,0.2465936577420396,0.8427896074547777,0.2960800413911754,0.0,0.64,0.8028440227651465,0.64
32,0.6391322603024305,0.8192290600618406,0.0,0.29242347514180794,0.8192626391207902,0.294652561063195,0.0,0.64,0.8020589085847573,0.64
33,0.669796004403232,0.8183495253312512,0.0,0.4757044651049377,0.83134723080216,0.3653330885683898,0.0,0.64,0.8409331987126144,0.64
34,0.6364632391759245,0.8171422282515794,0.0,0.22118946197969142,0.8540936124285735,0.30906111718137774,0.0,0.64,0.8099836144497577,0.64
35,0.6415636653565521,0.8156105123641346,0.0,0.4450234361927291,0.7130233333955772,0.3621392026034246,0.0,0.64,0.8391765614318836,0.64
36,0.6202668473800125,0.8137586196698542,0.0,0.26489364391310005,0.823301552824297,0.32417568367691396,0.0,0.64,0.8182966260223027,0.64
37,0.6433260177415503,0.8115916788813209,0.0,0.2590197141239351,0.7907096253503848,0.2987395617952288,0.0,0.64,0.8043067589873759,0.64
38,0.731390535087594,0.8091156912190818,0.0,0.18947921079103286,0.8051377491320063,0.25608560968545824,0.0,0.64,0.7808470853270021,0.64
39,0.6539003058723929,0.8063375137916061,0.0,-0.09850513385868656,0.7868615525965064,0.11765756644112477,0.0,0.64,0.7047116615426187,0.64
40,0.693054398683439,0.8032648406049092,0.0,0.23456501663740323,0.841405055556155,0.1632968558642015,0.0,0.64,0.7298132707253109,0.64
41,0.6905607045991843,0.7999061812544357,0.004472656919290843,0.04468289634683037,0.7857711409838805,0.11699136533351559,0.0,0.64245996130561,0.7043452509334336,0.64
42,0.6566729887579773,0.7962708373582138,0.0,0.36085004652970015,0.6889576545269209,0.21219091772095405,0.0,0.64,0.7567050047465247,0.64
43,0.7015350353659415,0.7923688767965484,0.0,0.3275152475103562,0.7326833406617098,0.2572121756129376,0.0,0.64,0.7814666965871158,0.64
44,0.6760695951441865,0.7882111058295926,0.0,0.21870600499415074,0.7958552294755332,0.24217982085287174,0.0,0.64,0.7731989014690794,0.64
45,0.6965723983670894,0.7838090391700183,0.0,0.23318257360617728,0.8451392815484482,0.2386674016664687,0.0,0.64,0.7712670709165578,0.64
46,0.7059219619777175,0.7791748680936683,0.0,0.5765117134177629,0.7333013063209625,0.3705578354931429,1.0,0.64,0.8438068095212287,1.52
47,0.7036589211917842,0.7743214266765034,0.0,0.2621645084440112,0.8025216514031395,0.32824235930732315,0.0,0.64,0.8205332976190278,0.64
48,0.6845829820921338,0.7692621562513517,0.0,0.0563250002126095,0.7088817129664862,0.2220890300708484,0.0,0.64,0.7621489665389667,0.64
49,0.6980023615163181,0.7640110681828939,0.0,0.12110303680482684,0.7052054926920276,0.182665289611136,0.0,0.64,0.7404659092861248,0.64
50,0.7191246049766913,0.7585827050639771,0.006826520195792033,0.4393850107330997,0.7210731973581447,0.28288564026651125,0.0,0.6437545861076857,0.7955871021465812,0.64
51,0.6826831529848164,0.7529921004407227,0.0,0.33086358976619984,0.816569016176232,0.3016156657650209,0.0,0.64,0.8058886161707615,0.64
52,0.6574060419334847,0.747254737177967,0.01205368449859218,0.367941549108772,0.7401413504986589,0.32750850818938715,0.0,0.6466295264742257,0.8201296795041629,0.64
53,0.6263525515896041,0.7413865045803376,0.010539628815020116,0.22453554013880633,0.717273374768676,0.2873090762137226,0.0,0.6457967958482611,0.7980199919175475,0.64
54,0.6988371908243876,0.7354036543877193,0.007921664921023272,0.4370390853287169,0.6945980219586543,0.3457619054375754,0.0,0.6443569157065628,0.8301690479906665,0.64
55,0.7222121577997263,0.7293227557669746,0.041546595380253036,0.4935171290265139,0.7220977728376057,0.40344380168820154,0.0,0.6628506274591391,0.8618940909285109,0.64
56,0.667017364448153,0.7231606494245695,0.04268954083417237,0.31558158040476314,0.7281282288591358,0.36914342699200525,0.0,0.6634792474587948,0.8430288848456029,0.64
57,0.7332147675705013,0.716934400967184,0.03330362178739471,0.03430393821241928,0.7014467526805312,0.23842604060619693,0.0,0.6583169919830671,0.7711343223334084,0.64
58,0.6359571451664964,0.7106612536394755,0.02536732059651653,0.3012168882223747,0.6862129675863096,0.2629388467846202,0.0,0.6539520263280841,0.7846163657315411,0.64
59,0.6923092860344521,0.7043585805698829,0.03800201485526645,0.3125848847634182,0.7574194410577008,0.28232007434727174,0.0,0.6609011081703966,0.7952760408909995,0.64
60,0.6917165944150395,0.6980438366567253,0.05527184867835523,0.5095134573679381,0.7624395560065024,0.3710136909241406,0.0,0.6703995167730954,0.8440575300082773,0.64
61,0.6742934475013241,0.691734510227844,0.06208820231160043,0.11022432148819028,0.6484005344297796,0.26920459757580323,0.0,0.6741485112713802,0.7880625286666918,0.64
62,0.6363917850258098,0.6854480746076623,0.06292007958454035,0.1755770853499516,0.6849375128946283,0.2326535213076603,0.0,0.6746060437714972,0.7679594367192132,0.64
63,0.6902708498604657,0.6792019397257971,0.0542002001053842,0.2573325044355603,0.6885484667383717,0.2422879051878188,0.0,0.6698101100579613,0.7732583478533004,0.64
64,0.7504709131412334,0.6730134039012391,0.06878813069759432,0.4364436865859125,0.7130341786119274,0.3180840318291412,0.0,0.6778334718836769,0.8149462175060277,0.64
65,0.6914236784579239,0.6668996059356315,0.032271210632749237,0.22698476788818925,0.7098433955103262,0.28251995386618933,0.0,0.6577491658480121,0.7953859746264041,0.64
66,0.6485378433929361,0.660877477648324,0.007814356928475163,0.3603804945886244,0.6925869436426283,0.31291579045917306,0.0,0.6442978963106614,0.8121036847525452,0.64
67,0.6986486937116995,0.654963696984652,0.03964416659627515,0.3278752412327158,0.6078070786863612,0.3187557835675483,0.0,0.6618042916279514,0.8153156809621516,0.64
68,0.6519302318281509,0.649174641827305,0.01736109019573865,0.36668093867954415,0.6265528357570492,0.33746519875990744,0.0,0.6495485996076563,0.8256058593179492,0.64
69,0.6721387177189304,0.6435263446387037,0.0035457930900993154,0.057109785846062855,0.6388353478267099,0.2280177528544587,0.0,0.6419501861995547,0.7654097640699523,0.64
70,0.6641146963755752,0.6380344480599965,0.01983527399877192,-0.01903498738436843,0.6511456964426403,0.13157127749644124,0.0,0.6509094006993246,0.7123642026230427,0.64
71,0.6804803350095915,0.6327141615896459,0.0,0.3251332510616997,0.6216938315319975,0.2071355885648557,0.0,0.64,0.7539245737106707,0.64
72,0.6329855283500504,0.627580219461578,0.0,0.256467844300812,0.6092369310412099,0.22639431924152748,0.0,0.64,0.7645168755828401,0.64
73,0.723376266453545,0.622646839839552,0.0489077515195099,0.4113824926870332,0.6357118513633695,0.29861151988657675,0.0,0.6668992633357305,0.8042363359376172,0.64
74,0.7400098973545209,0.617927685440755,0.09322487407407598,0.4623094435204706,0.5345685293389884,0.3625172581619448,0.0,0.6912736807407418,0.8393844919890696,0.64
75,0.7268499942961216,0.6134358256976762,0.14320427620970014,0.44789657001739347,0.5946555280703394,0.39584833430783434,0.0,0.7187623519153351,0.8577165838693089,0.64
76,0.7580487263525685,0.6091837005630486,0.11813370074170296,0.5105938073691173,0.7061323316543278,0.4406436133618159,0.0,0.7049735354079366,0.8823539873489987,0.64
77,0.6718303731146346,0.6051830860581012,0.13410353973291547,0.6760719953713238,0.6003746575788053,0.5325520763973106,1.0,0.7137569468531035,0.9329036420185208,1.52
78,0.7162451765513846,0.6014450616595303,0.16696932814544388,0.40914453723824995,0.5978812296131436,0.48437522892339885,0.0,0.7318331304799941,0.9064063759078693,0.64
79,0.7078765647960547,0.5979799796155123,0.19051844729831113,0.548442219325681,0.5901663669995008,0.5093862261911188,0.0,0.7447851460140711,0.9201624244051154,0.64
80,0.6682259825231728,0.5947974362757353,0.16927931122142287,0.6117266864687279,0.5988671649569227,0.5493387345937816,1.0,0.7331036211717826,0.9421363040265799,1.52
81,0.6726658454056531,0.591906245514849,0.14199681296087352,0.7826295256648466,0.6375020171711276,0.6404127073436362,1.0,0.7180982471284805,0.992226989039,1.52
82,0.716859884192563,0.5893144143229346,0.08987805513653792,0.46928363617906865,0.6085421543404721,0.573605936736038,0.0,0.6894329303250959,0.9554832652048209,0.64
83,0.7476753742506984,0.5870291206305963,0.13258790242953422,0.4657284256107,0.6079268915545255,0.5314918290018912,0.0,0.7129233463362439,0.9323205059510402,0.64
84,0.6381740443523543,0.5850566934300869,0.15048861631313679,0.50312888643564,0.5569738413243067,0.520419270815925,0.0,0.7227687389722253,0.9262305989487587,0.64
85,0.7355489821538761,0.5834025952475199,0.21427806981923664,0.43199890803123914,0.5567492256997524,0.4859010042619241,0.0,0.7578529384005802,0.9072455523440583,0.64
86,0.703735298923243,0.5820714070147106,0.2167938108688228,0.5453597731308625,0.5431029747279432,0.5091130062052843,0.0,0.7592365959778525,0.9200121534129064,0.64
87,0.7577612438703448,0.5810668153825438,0.25671393873201587,0.5326513058408247,0.5272664961015509,0.5183020807064381,0.0,0.7811926663026088,0.9250661443885411,0.64
88,0.7443257104702471,0.580391602511001,0.2844143818769414,0.9340934825401483,0.6127973384359025,0.6806221389752274,1.0,0.7964279100323178,1.0143421764363751,1.52
89,0.6660893870520261,0.5800476383641255,0.2655489546137867,0.3988021228620722,0.5501228851545278,0.5706029292583955,0.0,0.7860519250375827,0.9538316110921176,0.64
90,0.6894397849196433,0.5800358755312621,0.263640185834677,0.5758220639848901,0.5750669067315994,0.572640417886542,1.0,0.7850021022090724,0.9549522298375981,1.52
91,0.7038549514468682,0.5803563465889143,0.2626517535358001,0.7431515927585363,0.5887156153300784,0.6392059690707173,1.0,0.7844584644446901,0.9915632829888945,1.52
92,0.6792085566701043,0.5810081640105257,0.2645634797790801,0.6669476926292379,0.5479643399199483,0.6500360106844605,1.0,0.7855099138784941,0.9975198058764534,1.52
93,0.668913925690004,0.5819895226244347,0.24301066314900036,0.6097844918134998,0.5882692924682434,0.6343222925562664,1.0,0.7736558647319502,0.9888772609059466,1.52
94,0.686379737474813,0.5832977046131962,0.23459008039042373,0.5994623579865699,0.5329604405678477,0.6207133853358561,1.0,0.7690245442147331,0.9813923619347209,1.52
95,0.6976763214882455,0.5849290870404233,0.25253029751649575,0.7003923407811874,0.5773592487113928,0.6518191095851877,1.0,0.7788916636340727,0.9985005102718534,1.52
96,0.6970090876053926,0.5868791518843067,0.21597129862050107,0.36196887737278616,0.5892619618707883,0.5386649982340457,0.0,0.7587842142412756,0.9362657490287252,0.64
97,0.6542202474465065,0.5891424985500209,0.21511628824108958,0.44307226718020176,0.48400204126701674,0.5013467237187437,0.0,0.7583139585325993,0.9157406980453091,0.64
98,0.6494091698233803,0.5917128588263679,0.23315666816002295,0.5545274790597571,0.5369361865582966,0.5221078632412581,1.0,0.7682361674880127,0.927159324782692,1.52
99,0.656094718784592,0.5945831142452357,0.2226644156294308,0.6455199251553162,0.6016522643727109,0.5702864763453669,1.0,0.7624654285961869,0.9536575619899519,1.52
100,0.7218534989238071,0.5977453157957945,0.23747983937273898,0.6300988785227379,0.6216119922791286,0.5936365325605986,1.0,0.7706139116550065,0.9665000929083292,1.52
101,0.7252596746806818,0.601190705938835,0.2562367825480362,0.7866709121355293,0.5578772145626056,0.6689948771591087,1.0,0.78093023040142,1.0079471824375097,1.52
102,0.669396690802058,0.6049097428602803,0.2477063533577179,0.5950458177076887,0.6476642714373733,0.6401260367113756,1.0,0.7762384943467449,0.9920693201912566,1.52
103,0.6899115964455936,0.6088921268967034,0.25013138734255885,0.6161947717159579,0.7107471862432942,0.6307835531694586,1.0,0.7775722630384074,0.9869309542432023,1.52
104,0.7073381779446333,0.6131268290596643,0.22798538966719925,0.623216146785787,0.7169349296181576,0.6278293269884361,1.0,0.7653919643169595,0.9853061298436399,1.52
105,0.6579028302223446,0.6176021215798736,0.22089175057094151,0.7013467945844588,0.6178655211131703,0.6565296790672239,1.0,0.7614904628140179,1.0010913234869732,1.52
106,0.6311939879639535,0.6223056103865893,0.18848615920129158,0.5656212634477559,0.6674927542545998,0.6210401060375803,1.0,0.7436673875607104,0.9815720583206692,1.52
107,0.6876506621801248,0.6272242694322978,0.17329556102471566,0.6203797833701107,0.6488179724980266,0.6207823238578931,1.0,0.7353125585635937,0.9814302781218412,1.52
108,0.668249473116681,0.6323444767676195,0.15425409840745208,0.451490650885422,0.6597908978963887,0.5546928518290744,0.0,0.7248397541240986,0.9450810685059909,0.64
109,0.6282953537199143,0.6376520522665309,0.10796426160193033,0.39324294477043836,0.5790933971540432,0.49166471270529005,0.0,0.6993803438810617,0.9104155919879096,0.64
110,0.6446488694250011,0.6431322968974257,0.03876467652577245,0.20570438583769723,0.6658696953941702,0.38002917451233453,0.0,0.6613205720891748,0.849016045981784,0.64
111,0.6724720913377249,0.6487700334312549,0.03753482723013766,0.26756733426848733,0.5920970472633207,0.33612539877072534,0.0,0.6606441549765757,0.824868969323899,0.64
112,0.7080218703105773,0.6545496484740091,0.05971945392124471,0.47457285333432797,0.6192565643553263,0.39017365179572944,0.0,0.6728456996566846,0.8545955084876512,0.64
113,0.6452905511717398,0.6604551357071341,0.0,0.3195107802839452,0.6978607378159047,0.36258770035313553,0.0,0.64,0.8394232351942246,0.64
114,0.5915405451307624,0.6664701402161288,0.0,0.28268040343897216,0.5959886511058984,0.33139283428807,0.0,0.64,0.8222660588584385,0.64
115,0.591269510755598,0.6725780037845613,0.0,0.1314373353646166,0.6164635946452854,0.2533325663429421,0.0,0.64,0.7793329114886182,0.64
116,0.6445085981882402,0.678761811028061,0.0,0.3016594014943871,0.7068421409890878,0.27219879268416397,0.0,0.64,0.7897093359762902,0.64
117,0.6861237537040756,0.6850044362405233,0.029443674589657475,0.12982781912421992,0.6647877325274099,0.2166188441279484,0.0,0.6561940210243116,0.7591403642703717,0.64
118,0.6066828237086226,0.6912885908227898,0.0,0.20258300584185027,0.6915076693430415,0.2111394184390018,0.0,0.64,0.756126680141451,0.64
119,0.6506012013659227,0.6975968711624495,0.0,0.0791932005207065,0.696672606853366,0.15962917150655156,0.0,0.64,0.7277960443286033,0.64
120,0.6272710272220946,0.7039118068321641,0.0,0.21195923996877142,0.6735216456175748,0.18005821290696608,0.0,0.64,0.7390320170988314,0.64
121,0.651619515314543,0.7102159089730339,0.0,0.21753611711256748,0.6833332741075557,0.19468914458957526,0.0,0.64,0.7470790295242664,0.64
122,0.6226463070984276,0.7164917187290071,0.0,0.10016988736986839,0.7179848404240465,0.15778994159556659,0.0,0.64,0.7267844678775617,0.64
123,0.5800035034598419,0.7227218555981992,0.0,0.22069393829368306,0.6676209799782237,0.18234691984078188,0.0,0.64,0.74029080591243,0.64
124,0.6148299619049917,0.7288890655672156,0.0,0.2703753806901526,0.7533648514073013,0.2167121925024236,0.0,0.64,0.759191705876333,0.64
125,0.6184462067560902,0.7349762688951693,0.0,0.19914349913760832,0.7323591795970402,0.20985358186712283,0.0,0.64,0.7554194700269176,0.64
126,0.6387257037454611,0.7409666074150631,0.0,0.13684663119609677,0.6867903198954606,0.18135252957338877,0.0,0.64,0.7397438912653639,0.64
127,0.6026249475522766,0.746843491221533,0.0,0.07749322335812739,0.7422059634123495,0.140807081634185,0.0,0.64,0.7174438948988018,0.64
128,0.5961837334698068,0.7525906446156586,0.0,0.27146033762982813,0.7360706012292392,0.19181257148484218,0.0,0.64,0.7454969143166632,0.64
129,0.6777147433077184,0.7581921511795944,0.0,0.3694052409025783,0.7630585922563069,0.26114265460071584,0.0,0.64,0.7836284600303938,0.64
130,0.6385143003022696,0.7636324978561929,0.0,0.1333027534149388,0.7735140561883689,0.21123546527925258,0.0,0.64,0.756179505903589,0.64
131,0.6201223039692824,0.7688966179115444,0.013780834112534161,0.2777967891628896,0.8200902658459822,0.2372202209129458,0.0,0.6475794587618938,0.7704711215021203,0.64
132,0.6220367899398702,0.7739699326614475,0.0,0.27892029743906355,0.7677270218067977,0.2534994388613715,0.0,0.64,0.7794246913737544,0.64
133,0.6112904507310046,0.7788383918462547,0.0,0.35571556036731183,0.738150469175215,0.29340340687437405,0.0,0.64,0.8013718737809057,0.64
134,0.6004450058777481,0.7834885125422755,0.0,0.18334561315757658,0.7842687019450002,0.25043814253687424,0.0,0.64,0.7777409783952809,0.64
135,0.6247928139094666,0.7879074165019752,0.0,0.12176044740553789,0.7982338105265061,0.2002038883423504,0.0,0.64,0.7501121385882927,0.64
136,0.6042800515238925,0.7920828658195561,0.0,0.11879653103391315,0.8621831087846774,0.16842341639526948,0.0,0.64,0.7326328790173983,0.64
137,0.6337175711279448,0.7960032968231492,0.0,0.25403227139433027,0.7788629962550486,0.20184410347655113,0.0,0.64,0.7510142569121031,0.64
138,0.6230209610812709,0.7996578520997519,0.0,0.2989487896166074,0.7804701281914707,0.239752627421282,0.0,0.64,0.7718639450817051,0.64
139,0.5566458952484307,0.8030364105642231,0.0,0.35488472191480286,0.8026316192566488,0.2846988389215144,0.0,0.64,0.7965843614068329,0.64
140,0.5539995873306334,0.8061296154890581,0.0,0.18795865302049528,0.8185549157409583,0.246932611570168,0.0,0.64,0.7758129363635924,0.64
141,0.61685403307201,0.8089289004173191,0.0,0.1535184344813108,0.9002721078131257,0.2104648188228362,0.0,0.64,0.75575565035256,0.64
142,0.568103942373339,0.8114265128869556,0.0,0.12115321004276078,0.8096400165744713,0.17559862034608406,0.0,0.64,0.7365792411903462,0.64
143,0.5123319734103393,0.8136155359008113,0.0,0.34320601880984947,0.7650035026135964,0.24103057147574988,0.0,0.64,0.7725668143116624,0.64
144,0.5164967317213545,0.8154899070828588,0.0,0.3218645873948777,0.7971079382761099,0.27258721770803684,0.0,0.64,0.7899229697394203,0.64
145,0.5566524358231719,0.817044435467609,0.0,0.18028953465061473,0.7735174086782732,0.236555291059523,0.0,0.64,0.7701054100827377,0.64
146,0.5560036063001492,0.818274815876197,0.0,0.18602384109384515,0.8306246943354982,0.21682840910221976,0.0,0.64,0.7592556250062209,0.64
147,0.5661181874491243,0.8191776408393335,0.0,0.0896957500871878,0.8255605346383691,0.1671973187810225,0.0,0.64,0.7319585253295624,0.64
148,0.5343591859580538,0.8197504100340987,0.0,0.27915238556485356,0.815142645656846,0.21090325614214547,0.0,0.64,0.7559967908781801,0.64
149,0.5315732028972574,0.8199915372084461,0.0,0.07358354086691385,0.8058735889417851,0.15729525923160906,0.0,0.64,0.726512392577385,0.64
150,0.5513617025887744,0.8199003545742382,0.0,0.2612395693205102,0.9038476585247802,0.19787389168030828,0.0,0.64,0.7488306404241696,0.64
151,0.5181873838311759,0.8194771146566482,0.0,0.5167196045526528,0.7447945233853508,0.3223474966272698,0.0,0.64,0.8172911231449984,0.64
152,0.5205076780952498,0.8187229895948058,0.0,0.20070474952222164,0.8350376640440041,0.27485960315234953,0.0,0.64,0.7911727817337922,0.64
153,0.525816528350596,0.8176400678956237,0.0,0.19036950140862635,0.8484943128191533,0.24187566414424572,0.0,0.64,0.7730316152793352,0.64
154,0.4730333009629788,0.8162313486497953,0.0,0.1652952750938199,0.774957391609536,0.21197958366232397,0.0,0.64,0.7565887710142782,0.64
155,0.49531348657721685,0.814500733225982,0.0,0.09536209090173169,0.8398973886917098,0.1664534902015699,0.0,0.64,0.7315494196108635,0.64
156,0.5458795568221273,0.812453014466192,0.0,0.2520245274621317,0.8082691479084915,0.19985941368386978,0.0,0.64,0.7499226775261284,0.64
157,0.47809796651934644,0.8100938634122745,0.0,0.22184261961605814,0.7889177235770792,0.20844139794836092,0.0,0.64,0.7546427688715985,0.64
158,0.5142634630597401,0.807429813600288,0.0,0.07462126157911385,0.8330306192232882,0.15619959535889616,0.0,0.64,0.7259097774473929,0.64
159,0.5700202504047527,0.8044682429662403,0.0,0.21708924206017843,0.7984501050405743,0.17997019512822698,0.0,0.64,0.7389836073205248,0.64
160,0.55725879925674,0.8012173534133099,0.0,0.30276814524558604,0.7736141879414671,0.2279090662314571,0.0,0.64,0.7653499864273015,0.64
161,0.5074949165302534,0.7976861480971369,0.0,-0.03548839027155137,0.8553186021004344,0.125081806459216,0.0,0.64,0.7087949935525688,0.64
162,0.5319073048679971,0.7938844064920898,0.0,0.27549084227886655,0.7886380169791479,0.18379971969822587,0.0,0.64,0.7410898458340243,0.64
163,0.5153440475206669,0.7898226573075622,0.0,0.0004937691611609785,0.7813408941931025,0.11223923903178837,0.0,0.64,0.7017315814674836,0.64
164,0.543658302389957,0.7855121493293045,0.0,0.06754058444754722,0.7311289489692807,0.09478941158309034,0.0,0.64,0.6921341763706997,0.64
165,0.4592575716234924,0.7809648202665447,0.0,0.36385026315538294,0.7981424985602726,0.19982759398045352,0.0,0.64,0.7499051766892495,0.64
166,0.5002922086474754,0.776193263691175,0.0,0.11276960659594107,0.749230507365551,0.16584118271101325,0.0,0.64,0.7312126504910573,0.64
167,0.5058423753775533,0.7712106941605632,0.0,0.05527781743041556,0.7244116012407377,0.12267854919913138,0.0,0.64,0.7074732020595222,0.64
168,0.49580822627130816,0.7660309106205792,0.0,0.016708413641931763,0.7579409512981987,0.08130905838586185,0.0,0.64,0.6847199821122241,0.64
169,0.4679151129981246,0.7606682581901922,0.0,0.1497590507102542,0.7572272067520979,0.10803112789858628,0.0,0.64,0.6994171203442224,0.64
170,0.4707373835053155,0.7551375884334706,0.0,0.3316492860595298,0.740458502762748,0.19532901886642412,0.0,0.64,0.7474309603765332,0.64
171,0.5039035709321831,0.7494542182290107,0.0,0.1850049519297705,0.7794502909591507,0.1912986249252846,0.0,0.64,0.7452142437089065,0.64
172,0.5211574140537741,0.7436338873507045,0.0,0.17351705392943512,0.7514896415337862,0.18435690937410243,0.0,0.64,0.7413963001557564,0.64
173,0.4280319995663179,0.737692714877321,0.0,0.0687058350891494,0.7525518879320157,0.13920809428559458,0.0,0.64,0.7165644518570771,0.64
174,0.43635495777744454,0.7316471545516255,0.0,0.1573183336738081,0.7420716586060827,0.1462781180999211,0.0,0.64,0.7204529649549566,0.64
175,0.4511012755488983,0.7255139492126644,0.0,0.12510427949277916,0.701286143354277,0.13801210129118544,0.0,0.64,0.715906655710152,0.64
176,0.4792539794121158,0.7193100844274158,0.0,0.08644433110535578,0.7184792156672142,0.11788065214519503,0.0,0.64,0.7048343586798573,0.64
177,0.48777967143128,0.7130527414502169,0.0,0.20773993169488233,0.6868329205708452,0.15296065482964233,0.0,0.64,0.7241283601563033,0.64
178,0.46879500491895887,0.7067592496402473,0.0,0.0817143220833776,0.8014077865965596,0.12514692700408142,0.0,0.64,0.7088308098522448,0.64
179,0.43789981416120655,0.7004470384688445,0.0,0.17406201820579462,0.7414192229061459,0.14424280156779035,0.0,0.64,0.7193335408622847,0.64
180,0.4176177417743155,0.6941335892495638,0.0,0.21888719447949823,0.7259511485603876,0.17338309199571159,0.0,0.64,0.7353607005976414,0.64
181,0.47099562286233665,0.6878363867246644,0.0007104365939636231,0.19057932325077517,0.6979919868608019,0.1800962978172255,0.0,0.64039074012668,0.739052963799474,0.64
182,0.477763111284187,0.6815728706421003,0.0,0.36686025937471045,0.6320424407866891,0.2530067451925782,0.0,0.64,0.779153709855918,0.64
183,0.4362702870135041,0.6753603874571188,0.0,0.2501845191669527,0.6604646832872135,0.25190498144540374,0.0,0.64,0.778547739794972,0.64
184,0.47294368845445167,0.6692161422922301,0.0,0.16482167819471388,0.6590344432708853,0.21790868716045397,0.0,0.64,0.7598497779382497,0.64
185,0.4279774262392653,0.6631571512885887,0.0,0.07414823507280993,0.6887280093729787,0.16178630257842158,0.0,0.64,0.7289824664181319,0.64
186,0.4418584646010455,0.6572001944807476,0.0,0.13385783074906993,0.6937747470675557,0.15088335664277752,0.0,0.64,0.7229858461535277,0.64
187,0.4534104829221561,0.6513617693252978,0.0,0.23845912274936765,0.6452905728686877,0.18507190261718603,0.0,0.64,0.7417895464394524,0.64
188,0.40189223020790293,0.6456580450120909,0.0,0.1964975782217703,0.6073675372502126,0.189532351586831,0.0,0.64,0.7442427933727571,0.64
189,0.46678413922093653,0.640104817684577,0.0,-0.02434870110599477,0.704502765147067,0.10603571172708207,0.0,0.64,0.6983196414498951,0.64
190,0.4424160629683906,0.6347174666932756,0.0,0.17858647533944216,0.6287362674758831,0.13435867397465942,0.0,0.64,0.7138972706860627,0.64
191,0.3840120859311655,0.6295109120035289,0.0,0.13801818801460644,0.6180503328939787,0.1357873050853076,0.0,0.64,0.7146830177969192,0.64
192,0.4390838895620429,0.6244995728754984,0.0,0.2347576579080662,0.6096588102240177,0.17442416329407284,0.0,0.64,0.7359332898117401,0.64
193,0.4256165577528687,0.6196973279308352,0.0,0.09816975087689715,0.6467259025509693,0.14465534024429152,0.0,0.64,0.7195604371343604,0.64
194,0.4650226991102587,0.6151174767166183,0.0,0.14819689050106938,0.6784555572445049,0.14603791968558535,0.0,0.64,0.720320855827072,0.64
195,0.41341389188347016,0.610772702873008,0.0,0.34609277154079077,0.6123638939759186,0.22413697384322281,0.0,0.64,0.7632753356137726,0.64
196,0.45831945607105673,0.6066750390066177,0.0,0.18533241443110293,0.6035807988677327,0.208988131618272,0.0,0.64,0.7549434723900497,0.64
197,0.4233416265067616,0.6028358333668876,0.0,0.43495438827014443,0.5762170907573976,0.2972026925369254,0.0,0.64,0.803461480895309,0.64
198,0.40108193028964273,0.5992657184177469,0.0,0.01376110186914914,0.6191463463596014,0.1865504392433566,0.0,0.64,0.7426027415838461,0.64
199,0.4339935118593453,0.5959745813916024,0.0,0.2156408973746095,0.5340018875248935,0.19790701092354546,0.0,0.64,0.74884885600795,0.64
200,0.4381940084426148,0.5929715369072059,0.0,0.06979394302879023,0.5707236236572757,0.14789318054138953,0.0,0.64,0.7213412492977642,0.64
201,0.4019856207239148,0.5902649017272303,0.0,0.15049305617176947,0.5743674334433673,0.14890814131728275,0.0,0.64,0.7218994777245056,0.64
202,0.4290077941571086,0.587862171725463,0.0,0.15089540101405285,0.6024940935453814,0.149683944059601,0.0,0.64,0.7223261692327806,0.64
203,0.4486400609161941,0.5857700011274057,0.0,0.0029623683410117396,0.6853814434946442,0.0924055717438243,0.0,0.64,0.6908230644591034,0.64
204,0.47650843036415325,0.5839941840817717,0.0,0.16207906860950058,0.6006854935659831,0.11960528299603031,0.0,0.64,0.7057829056478166,0.64
205,0.43810137260547677,0.5825396386139168,0.0,0.1206720981315487,0.5403861841241061,0.12002175503993424,0.0,0.64,0.7060119652719639,0.64
206,0.4111536963156767,0.5814103930056447,0.0,0.013149774158632166,0.5403228290735159,0.07830019445102204,0.0,0.64,0.6830651069480621,0.64
207,0.40632597298745704,0.5806095746391078,0.0,0.11097841645973015,0.5631482596384462,0.09105738682484443,0.0,0.64,0.6900815627536645,0.64
208,0.419652178901087,0.5801394013356981,0.0,0.04102368900819815,0.5643717459628337,0.07152482143464167,0.0,0.64,0.679338651789053,0.64
209,0.4037611722167534,0.5800011752139156,0.0,0.14277075770641787,0.6100099693280532,0.09933839448123936,0.0,0.64,0.6946361169646816,0.64
210,0.44000770576136183,0.5801952790832243,0.0005664666264520585,0.060890868969937645,0.5634045720931542,0.08432893407931125,0.0,0.6403115566445486,0.6863809137436212,0.64
211,0.3292290364056397,0.5807211753838837,0.0,0.028264871928484564,0.5793861482482197,0.06244218559203313,0.0,0.64,0.6743432020756183,0.64
212,0.4187195797484686,0.5815774076756889,0.0,0.20222130223497983,0.5805217558686219,0.11701030378346489,0.0,0.64,0.7043556670809057,0.64
213,0.3476553031747519,0.5827616046715012,0.0,0.2650220717538372,0.5080495217226518,0.1747923519342006,0.0,0.64,0.7361357935638103,0.64
214,0.4261132200455775,0.5842704868043932,0.0,0.20611838456310727,0.6019309105099677,0.1870216655256532,0.0,0.64,0.7428619160391092,0.64
215,0.440542484450605,0.5860998753102257,0.0,0.25902035586438155,0.5697032850624836,0.2151291048799015,0.0,0.64,0.7583210076839458,0.64
216,0.4228572883769584,0.5882447038004992,0.0,0.13499916750421365,0.6574851956748206,0.18384732260510128,0.0,0.64,0.7411160274328057,0.64
217,0.41405013476276575,0.5906990322934318,0.0,0.007540569228816074,0.5590937521649095,0.11501924594211856,0.0,0.64,0.7032605852681653,0.64
218,0.40622089957294694,0.5934560636644047,0.0,0.19330491677205522,0.6144216738717933,0.145581048313897,0.0,0.64,0.7200695765726434,0.64
219,0.39895650826855095,0.5965081624702161,0.0,0.0927399426861609,0.5745193257985053,0.12495250403266706,0.0,0.64,0.7087238772179669,0.64
220,0.42671747382021247,0.599846876095011,0.0,0.11592393359840908,0.5768027499115509,0.12142785664335251,0.0,0.64,0.706785321153844,0.64
221,0.39230111507923476,0.6034629581593255,0.0,0.17975523906315366,0.55507773035701,0.1441981786637067,0.0,0.64,0.7193089982650387,0.64
222,0.41279909545945975,0.6073463941274144,0.0,0.024458451877970203,0.6382597749852676,0.09745320187189979,0.0,0.64,0.693599261029545,0.64
223,0.3916656423913071,0.611486429041944,0.0,0.2325801418662321,0.6643142583218808,0.1502051651804997,0.0,0.64,0.7226128408492749,0.64
224,0.379558112437352,0.6158715973092408,0.0,0.02771640139244555,0.7084416629341056,0.1023869967728216,0.0,0.64,0.6963128482250519,0.64
225,0.38560688273046256,0.6204897544526089,0.0,0.05728429890055227,0.6529419198907764,0.08477943559089435,0.0,0.64,0.6866286895749919,0.64
226,0.46725870949434334,0.6253281107457729,0.0,0.11140083191957476,0.6453487037196827,0.09517211467038174,0.0,0.64,0.69234466306871,0.64
227,0.39824668614765485,0.630373266633307,0.0,0.3976437972847442,0.6335533227812691,0.2132534913657511,0.0,0.64,0.7572894202511631,0.64
228,0.35210727867815295,0.6356112498399478,0.0,-0.0833556682015209,0.6816452027907371,0.0974607745089669,0.0,0.64,0.6936034259799319,0.64
229,0.3845822238818436,0.6410275540660254,0.0,0.28591863323093347,0.6457424230609876,0.1710324993547709,0.0,0.64,0.734067874645124,0.64
230,0.3607240990447992,0.6466071791618433,0.0,0.2681638595992893,0.6762244800486854,0.20895143655521478,0.0,0.64,0.7549232901053682,0.64
231,0.3785924255847502,0.6523346726697488,0.0,0.19210573575678916,0.6782427413368912,0.20237507368883542,0.0,0.64,0.7513062905288594,0.64
232,0.33597308721076047,0.6581941726188447,0.0,0.22563972233261567,0.6875322417445396,0.21145731807101148,0.0,0.64,0.7563015249390563,0.64
233,0.4309240150819311,0.6641694514538247,0.0,0.17111099201096858,0.6838572634334196,0.19570658833462093,0.0,0.64,0.7476386235840415,0.64
234,0.48184640951233426,0.6702439609762749,0.0,0.12913400187941843,0.6716782195201928,0.1697174359258508,0.0,0.64,0.733344589759218,0.64
235,0.4327441944068273,0.6764008781739778,0.0,0.28913018717322936,0.6448846152475002,0.2163347653247471,0.0,0.64,0.7589841209286109,0.64
236,0.4151052318459874,0.6826231518112974,0.0,0.16426877409888352,0.6549904544241743,0.1960088165621403,0.0,0.64,0.7478048491091772,0.64
237,0.36018306386952326,0.6888935496516168,0.0,0.16247402200970767,0.6665476649323171,0.18291722837206095,0.0,0.64,0.7406044756046335,0.64
238,0.4151961001457244,0.6951947061810478,0.0,0.028021265997341754,0.6907804919099922,0.12244767193731756,0.0,0.64,0.7073462195655247,0.64
239,0.4264737168934924,0.7015091707012435,0.0,0.1090292224476174,0.6172300149356517,0.11720926755127394,0.0,0.64,0.7044650971532007,0.64
240,0.44878028187166974,0.707819455658126,0.0,0.15864115616160301,0.6966782891394757,0.13338378810113433,0.0,0.64,0.7133610834556239,0.64
241,0.4206510693457934,0.7141080850726826,0.0,0.02426504917297849,0.6845173901082775,0.09078511967528079,0.0,0.64,0.6899318158214045,0.64
242,0.39616246355753326,0.7203576429397064,0.0,-0.00038914551181981616,0.7458107927683405,0.055191762110606994,0.0,0.64,0.6703554691608339,0.64
243,0.37615343295513015,0.726550821460442,0.0,0.009894733690955532,0.7406493912562164,0.037508336575459926,0.0,0.64,0.6606295851165029,0.64
244,0.45811012318474087,0.7326704689755604,0.0,0.07264125271607098,0.73460154105269,0.05122381258084692,0.0,0.64,0.6681730969194658,0.64
245,0.4228338069349292,0.7386996374657137,0.0,0.07506984374548971,0.7452200176851032,0.06053302184071566,0.0,0.64,0.6732931620123936,0.64
246,0.4058743580835152,0.744621629488121,0.0,0.2301331444915783,0.7752841789241453,0.12674290898525997,0.0,0.64,0.7097085999418931,0.64
247,0.4487411981756927,0.7504200444191969,0.0,0.12250790815588353,0.7496837298840223,0.12508961462091983,0.0,0.64,0.7087992880415059,0.64
248,0.4151131947658995,0.7560788238751542,0.0,0.12372989499183759,0.6870907008988159,0.12455879611806364,0.0,0.64,0.708507337864935,0.64
249,0.41498797529308784,0.7615822961847953,0.0,0.0283697449134227,0.7606215510948799,0.08700772525055872,0.0,0.64,0.6878542488878073,0.64
250,0.4422408054077135,0.7669152197913223,0.0,0.4039798708445972,0.6626570349295304,0.21074991163416396,0.0,0.64,0.7559124513987902,0.64
251,0.4224320085862865,0.7720628254629716,0.0,0.26544777252694274,0.8782282577297916,0.23210331126710015,0.0,0.64,0.7676568211969051,0.64
252,0.3554648946276659,0.7770108571955691,0.0,0.18670353376346982,0.7649139401584909,0.2143797737016779,0.0,0.64,0.7579088755359229,0.64
253,0.44903114715922354,0.7817456116937322,0.0,0.25940425555925795,0.7966252535370759,0.23195680027416898,0.0,0.64,0.767576240150793,0.64
254,0.43517629297095406,0.786253976321375,0.0,0.22891899316397812,0.7668385268023673,0.23077087621474668,0.0,0.64,0.7669239819181107,0.64
255,0.4432472489841849,0.7905234654164148,0.0,-0.11448114987546112,0.7892709485495822,0.09598855809746878,0.0,0.64,0.6927937069536079,0.64
256,0.44473264145477037,0.7945422548691123,0.0,0.050526615193780364,0.793218991032726,0.07824075189321651,0.0,0.64,0.6830324135412691,0.64
257,0.45934528181172474,0.7982992148682763,0.0,0.30986679557407637,0.87796531374538,0.16866482690062345,0.0,0.64,0.732765654795343,0.64
258,0.41578519158352883,0.80178394072465,0.0,0.24832052651785566,0.862961749496441,0.1997614723490095,0.0,0.64,0.7498688097919552,0.64
259,0.47297478318448843,0.8049867816861127,0.0,0.09130322673855606,0.7764446916340744,0.15742065272268088,0.0,0.64,0.7265813589974746,0.64
260,0.47426660493991285,0.8078988676648942,0.0,-0.05160596104614493,0.7679975328883629,0.07581912855202715,0.0,0.64,0.681700520703615,0.64
261,0.5247377759236566,0.8105121338027833,0.0,0.10128289511207497,0.7813541303735354,0.08575988262616467,0.0,0.64,0.6871679354443906,0.64
262,0.4593133678549188,0.8128193428062993,0.0,0.3179706460164544,0.8096870556254033,0.17641222531031286,0.0,0.64,0.7370267239206721,0.64
263,0.4222267419833626,0.8148141049899688,0.0,0.07780301456587059,0.8236646503639047,0.13791635270860222,0.0,0.64,0.7158539939897313,0.64
264,0.45692402067817367,0.8164908959721993,0.0,0.1989149890999945,0.788791118830029,0.16172950076722264,0.0,0.64,0.7289512254219724,0.64
265,0.40449944023113144,0.8178450719747442,0.0,-0.010416539836962585,0.7875074287287863,0.0945257172873805,0.0,0.64,0.6919891445080593,0.64
266,0.46171551810619166,0.8188728826833844,0.0,0.22832465584010053,0.8236676429709592,0.14675924449933947,0.0,0.64,0.7207175844746367,0.64
267,0.4412114779651704,0.8195714816342128,0.0,-0.09983277290515691,0.812805958730423,0.050492629900790634,0.0,0.64,0.6677709464454349,0.64
268,0.4822095120406004,0.8199389340967559,0.0,0.15420232944028767,0.8129716567836296,0.09097967315865571,0.0,0.64,0.6900388202372607,0.64
269,0.4984388882535492,0.8199742224321008,0.0,0.2629925455166367,0.8432742695080625,0.15813146932613859,0.0,0.64,0.7269723081293762,0.64
270,0.47946680714662754,0.8196772489111889,0.0,0.09908961272603166,0.8053221861891771,0.13508222501430045,0.0,0.64,0.7142952237578652,0.64
271,0.4515896640122296,0.8190488359854713,0.0,0.3447751358964042,0.8894214740530078,0.21694386371780555,0.0,0.64,0.759319125044793,0.64
272,0.47930686020874697,0.8180907240091753,0.0,0.30879611069735713,0.8503893322300743,0.2528018973762381,0.0,0.64,0.779041043556931,0.64
273,0.5176031331135138,0.8168055664194918,0.0,0.10443558835366869,0.8349117580332521,0.19488144058117374,0.0,0.64,0.7471847923196455,0.64
274,0.5273566871919055,0.8151969223880301,0.0,0.08156249313347273,0.8010165392364453,0.15064306029830035,0.0,0.64,0.7228536831640652,0.64
275,0.4673628052432935,0.8132692469638927,0.0,0.34371896894576837,0.7882451334433912,0.22601761735681897,0.0,0.64,0.7643096895462504,0.64
276,0.4907050381919626,0.811027878735667,0.0,0.31391297974019217,0.8244739175769585,0.2603309299474709,0.0,0.64,0.783182011471109,0.64
277,0.4746751464343011,0.8084790250465054,0.0,0.3607380162909052,0.8334006665537895,0.29952867197385313,0.0,0.64,0.8047407695856192,0.64
278,0.5338430689442962,0.8056297448032373,0.0,0.24879792437332632,0.7975913185857667,0.27972398657097874,0.0,0.64,0.7938481926140384,0.64
279,0.5117930790756001,0.8024879289271245,0.0,0.007391894928974213,0.7999871894801059,0.17340875064055766,0.0,0.64,0.7353748128523068,0.64
280,0.5092066489001897,0.7990622785003979,0.0,0.14125836085953883,0.8305386479535231,0.1608576177416951,0.0,0.64,0.7284716897579323,0.64
281,0.5650824835807043,0.7953622806691013,0.0,0.23691235577937964,0.733304473362616,0.19054849026924137,0.0,0.64,0.7448016696480828,0.64
282,0.5659140364848309,0.7913981823689731,0.0,0.194010459686111,0.7466620558306971,0.1919000022894341,0.0,0.64,0.7455450012591888,0.64
283,0.5094562156317248,0.787180961947136,0.0,0.18683102530264614,0.8058335799262429,0.18992113347148862,0.0,0.64,0.7444566234093187,0.64
284,0.5151895859902074,0.7827222987581812,0.0,0.07809709636529295,0.839912698283549,0.1462663485507839,0.0,0.64,0.7204464917029312,0.64
285,0.4977631866900921,0.7780345408188539,0.0,0.1517166826118355,0.7474848723737688,0.14839409467172962,0.0,0.64,0.7216167520694513,0.64
286,0.4901887447550547,0.7731306706109159,0.0,0.2065103447461265,0.7258577652229471,0.1710819931151236,0.0,0.64,0.734095096213318,0.64
287,0.5194912499422376,0.7680242691268928,0.0,0.2637509908780118,0.761945195702707,0.2072588766443269,0.0,0.64,0.7539923821543798,0.64
288,0.5305972198295255,0.76272947825828,0.0,0.17997534015687505,0.7920246139484759,0.1966077058579887,0.0,0.64,0.7481342382218938,0.64
289,0.5271473455895936,0.7572609616303697,0.0,0.18191996189668866,0.7216817558212183,0.1908737838838427,0.0,0.64,0.7449805811361135,0.64
290,0.5526283033586318,0.751633863992167,0.0,0.21122995607462944,0.8387250343869939,0.1988205933694787,0.0,0.64,0.7493513263532133,0.64
291,0.5048581963192182,0.7458637692738587,0.0,0.007317744006456739,0.6500694127675731,0.12406014009854553,0.0,0.64,0.7082330770542,0.64
292,0.48309160616769803,0.7399666574279962,0.0,0.0925143602559249,0.6652402758341924,0.11174503978717244,0.0,0.64,0.7014597718829448,0.64
293,0.49815228585766974,0.7339588601739166,0.0,0.08132078056183817,0.7192851542833824,0.09986776789443601,0.0,0.64,0.6949272723419399,0.64
294,0.5557343696952205,0.7278570157679657,0.0,0.4274299327381529,0.769154827559032,0.22774417286479998,0.0,0.64,0.7652592950756401,0.64
295,0.5533198445021636,0.7216780229247818,0.0,0.40992235182390946,0.7788219560020656,0.29886438481129696,0.0,0.64,0.8043754116462134,0.64
296,0.5428878782857726,0.7154389940172591,0.0,0.22444474471756792,0.7175339536477013,0.26981183523215113,0.0,0.64,0.7883965093776831,0.64
297,0.540392150596179,0.7091572076847918,0.0,0.12505467137419135,0.6473913115171006,0.21330034613299467,0.0,0.64,0.7573151903731471,0.64
298,0.5952942393890048,0.7028500609810565,0.0,0.06363751106247217,0.7586832507846345,0.15487374086366507,0.0,0.64,0.7251805574750159,0.64
299,0.5885174339818089,0.6965350211938504,0.0,0.4269507114441377,0.7289315245610728,0.2610893805412757,0.0,0.64,0.7835991592977016,0.64
300,0.6268694097962675,0.6902295774704209,0.0,0.28308930481308375,0.7071527275536682,0.2696778914483315,0.0,0.64,0.7883228402965823,0.64
301,0.5741717313042694,0.6839511923822571,0.0,0.3273616569248131,0.6241743991935756,0.2921969530066327,0.0,0.64,0.800708324153648,0.64
302,0.5340169881722938,0.677717253563481,0.0,0.11998623499575374,0.6534988258413083,0.2249679202302036,0.0,0.64,0.763732356126612,0.64
303,0.5854553347708897,0.6715450255567728,0.0,0.20866886862203704,0.6444798213508846,0.2186049627589914,0.0,0.64,0.7602327295174454,0.64
304,0.564319682351571,0.6654516020001922,0.0,0.2891471523948198,0.669489561250903,0.24614380142087186,0.0,0.64,0.7753790907814795,0.64
305,0.5710309632755859,0.6594538582873095,0.01229839664768773,0.14824060198995612,0.68539999779585,0.20792354730728926,0.0,0.6467641181562283,0.7543579510190092,0.64
306,0.6184328126786465,0.6535684048317542,0.0,0.3155043871738373,0.6089408522530939,0.24992183808177537,0.0,0.64,0.7774570109449765,0.64
307,0.6173035794098305,0.647811541065607,0.0,0.02565404679332456,0.6745927033469789,0.16237033800454936,0.0,0.64,0.7293036859025022,0.64
308,0.5632424200248922,0.6421992102990429,0.00835884250731252,0.12903062142952454,0.6356100797772103,0.14935490595555456,0.0,0.6445973633790218,0.722145198275555,0.64
309,0.6015663865554118,0.6367469555662283,0.0,0.24169734635555232,0.6146137480130921,0.18540430534261662,0.0,0.64,0.7419723679384391,0.64
310,0.6162790599746008,0.6314698765797652,0.0,0.24102759524805342,0.5213666660063799,0.20711898154499558,0.0,0.64,0.7539154398497476,0.64
311,0.6339931616472937,0.6263825879128848,0.003079097087930045,0.012909653221367029,0.6302015413010962,0.13130195081562662,0.0,0.6416935033983615,0.7122160729485947,0.64
312,0.6161701705116103,0.6214991785252115,0.0276944745735548,0.13004408354184932,0.6833809033943241,0.13081089427074985,0.0,0.6552319610154551,0.7119459918489124,0.64
313,0.600354115957616,0.6168331727441813,0.07763421340390624,0.31678862040938177,0.6440221777849086,0.2034144046136426,0.0,0.6826988173721484,0.7518779225375034,0.64
314,0.5970918039697432,0.612397492810177,0.03117160327538738,0.3904559233905708,0.6486513220970312,0.2764332070531796,0.0,0.6571443818014631,0.7920382638792488,0.64
315,0.657175631469971,0.6082044230891137,0.06167630272881533,0.25991234913697475,0.54170609939959,0.2699836590159134,0.0,0.6739219665008485,0.7884910124587524,0.64
316,0.5944028053016636,0.6042655760515755,0.030740248963485112,0.15940141880394426,0.6275612224409426,0.22681365695348787,0.0,0.6569071369299169,0.7647475113244183,0.64
317,0.6266271411856134,0.6005918601127347,0.026273366625981093,0.2820668056163669,0.5947666925442919,0.24838383438125367,0.0,0.6544503516442897,0.7766111089096895,0.64
318,0.626018889445132,0.5971934494221083,0.048993207811883537,0.4126295372015517,0.569755672399176,0.3125034191889536,0.0,0.6669462642965359,0.8118768805539245,0.64
319,0.5772421218796735,0.5940797556868234,0.07080845960431642,0.3290700706331287,0.638308695426981,0.3189708444793224,0.0,0.678944652782374,0.8154339644636274,0.64
320,0.575930789960047,0.5912594021064256,0.04521439687067035,0.2771682520384623,0.5336000097400095,0.3026516055271408,0.0,0.6648679182788687,0.8064583830399275,0.64
321,0.6124911467995974,0.5887401994914113,0.06231288577904713,0.44349935683711683,0.6525033295255533,0.35763690608611376,0.0,0.674272087178476,0.8367002983473626,0.64
322,0.6047692021491592,0.5865291246316294,0.021535429355782724,0.3085836631944653,0.6241471642007832,0.3384870987324016,0.0,0.6518444861456805,0.8261679043028209,0.64
323,0.6391398222782525,0.5846323009744532,0.0014748903405900696,0.3199119347125757,0.6163350342637944,0.3312355738265155,0.0,0.6408111896873245,0.8221795656045836,0.64
324,0.6525841327119353,0.5830549816662381,0.009891115923124718,0.28071655363114467,0.6146831766817403,0.31151354430490863,0.0,0.6454401137577186,0.8113324493676998,0.64
325,0.6218157774237001,0.5818015350040289,0.0,0.2570645609024551,0.6010352548815318,0.290257303508238,0.0,0.64,0.7996415169295309,0.64
326,0.6415394304783719,0.5808754323378056,0.04042724681232297,0.21882642154716342,0.577584130757701,0.2623715298463051,0.0,0.6622349857467776,0.7843043414154678,0.64
327,0.6344922986979631,0.580279238456777,0.06369943725030056,0.5154729378026038,0.5702309257385838,0.3611793337263135,0.0,0.6750346904876653,0.8386486335494725,0.64
328,0.7077694705880817,0.5800146044863393,0.12878435283729534,0.5486578878233539,0.603494692861446,0.43436874959920496,0.0,0.7108313940605124,0.8789028122795628,0.64
329,0.7016726826167112,0.580082263315379,0.13756768643183948,0.4522590811724651,0.5375795098844935,0.4413529239967817,0.0,0.7156622275375117,0.88274410819823,0.64
330,0.6651164439637836,0.5804820275665771,0.17181640509053672,0.5715859733293384,0.5974055676939227,0.49219437012326295,1.0,0.7344990227997952,0.9107069035677946,1.52
331,0.6472484323770673,0.5812127901153407,0.16493986108716638,0.3194316924345867,0.6231659742698068,0.4247498587999785,0.0,0.7307169235979415,0.8736124223399881,0.64
332,0.6432616775551917,0.582272527155922,0.12593209860107138,0.3364596920056428,0.5492904248224921,0.39028241922471457,0.0,0.7092626542305893,0.8546553305735931,0.64
333,0.6834623539320983,0.5836583038062348,0.15965961651525284,0.3317399245762529,0.6207098832490154,0.3674281199279268,0.0,0.7278127890833891,0.8420854659603598,0.64
334,0.6866410952166775,0.5853662822358446,0.14681967120630254,0.29685389724954847,0.5555489371277937,0.3398767759441222,0.0,0.7207508191634664,0.8269322267692673,0.64
335,0.6431289999789606,0.5873917322946245,0.14567518887935038,0.4152546288697937,0.5062608799622629,0.36930340050901533,0.0,0.7201213538836427,0.8431168702799585,0.64
336,0.6712454604885549,0.5897290446126395,0.10555253422569472,0.5124756080444105,0.5414550941092406,0.4251961413572518,0.0,0.6980538938241321,0.8738578777464885,0.64
337,0.6454921576396,0.5923717461349807,0.0811323356371159,0.29062519722165114,0.6442920937834353,0.37266123227293,0.0,0.6846227846004138,0.8449636777501115,0.64
338,0.6938294964621374,0.5953125180485271,0.11112709748504755,0.45895904832373935,0.5334010213440898,0.4063508816212801,0.0,0.7011199036167761,0.8634929848917041,0.64
339,0.6545856189453753,0.5985432160509858,0.09414288710647153,0.26243525920229704,0.6189068608696445,0.35016792037240596,0.0,0.6917785879085594,0.8325923562048233,0.64
340,0.6498543001993508,0.6020548929060796,0.07379179588955237,0.22019043983567588,0.5197535861955269,0.299426245288922,0.0,0.6805854877392539,0.8046844349089071,0.64
341,0.6917709993964779,0.6058378232224132,0.11956030584831706,0.4543863774317812,0.566772241879764,0.35992085284414943,0.0,0.7057581682165744,0.8379564690642822,0.64
342,0.5945303809540564,0.6098815303873988,0.0977570830425936,0.5104523997397274,0.6217707058520627,0.418686592961963,0.0,0.6937663956734265,0.8702776261290797,0.64
343,0.7052115441036779,0.6141748155816437,0.14442635531210585,0.6131334955954713,0.5965203239954586,0.4945963698992929,1.0,0.7194344954216583,0.9120280034446111,1.52
344,0.7106258835904571,0.6187057887934501,0.16539738100080245,0.32891248744880663,0.6024931806610522,0.4299153367298818,0.0,0.7309685595504414,0.876453435201435,0.64
345,0.6379358708544618,0.6234619017475354,0.13723610799923433,0.512249874758716,0.5807429444217139,0.4620577690924422,0.0,0.7154798593995789,0.8941317730008432,0.64
346,0.6205148472077011,0.6284299826567709,0.14261751818323126,0.4905898954559807,0.6872761387111156,0.47319637463704234,0.0,0.7184396350007772,0.9002580060503733,0.64
347,0.643956981449206,0.6335962727007085,0.146568429482373,0.7087667096749439,0.7138811764085051,0.5651602544602308,1.0,0.7206126362153051,0.9508381399531269,1.52
348,0.6787831028378215,0.6389464641298565,0.13886592348932145,0.44127880993890806,0.6788840322978947,0.5167983999234577,0.0,0.7163762579191268,0.9242391199579018,0.64
349,0.7175753171467771,0.6444657398901887,0.13797746738642144,0.3088250208324378,0.6741094059877697,0.43560804614622284,0.0,0.7158876070625318,0.8795844253804226,0.64
350,0.6736414199505649,0.6501388146581402,0.13591349326979968,0.48481451220456917,0.7150848489216687,0.45481767001667106,0.0,0.7147524212983898,0.8901497185091691,0.64
351,0.7230986924068846,0.6559499771724505,0.12031880619576907,0.4874768011704828,0.7265133257489588,0.4675674095459529,0.0,0.706175343407673,0.8971620752502741,0.64
352,0.6740202170900835,0.6618831337456192,0.11313844526136228,0.5598188179501323,0.7121585332160131,0.5035812711157335,1.0,0.7022261448937492,0.9169696991136534,1.52
353,0.706803317767803,0.6679218528344649,0.07143300101633282,0.21035582986300466,0.6778203121781525,0.3891095179719062,0.0,0.6792881505589831,0.8540102348845484,0.64
354,0.7039077777264138,0.6740494105463621,0.13122572378511238,0.35296262506054504,0.7195623544583185,0.37499819739689727,0.0,0.7121741480818118,0.8462490085682935,0.64
355,0.7163787869288352,0.6802488369551181,0.07665592123477187,0.2751861432569,0.6868985238524848,0.3360327489232623,0.0,0.6821607566791246,0.8248180119077944,0.64
356,0.6793720373202184,0.6865029630982288,0.05685745330595891,0.38516732147409993,0.6541250927537257,0.3552143064164923,0.0,0.6712715993182774,0.8353678685290709,0.64
357,0.7090179707191269,0.6927944685253565,0.035583055505204124,0.2397309404688443,0.7142683689022176,0.310130962684447,0.0,0.6595706805278623,0.8105720294764459,0.64
358,0.678605016072913,0.6991059292663383,0.030207591819299447,0.4777696470394813,0.7001893585478974,0.3755751274569909,0.0,0.6566141755006147,0.846566320101345,0.64
359,0.6921423173785743,0.7054198660858945,0.039169196957411806,0.2610520956715882,0.7487323406445141,0.33086668685301823,0.0,0.6615430583265766,0.8219766777691601,0.64
360,0.6586884834143637,0.7117187928913834,0.031673904098772576,0.21976964009683247,0.6797697912568204,0.28749571038879923,0.0,0.6574206472543249,0.7981226407138395,0.64
361,0.7508475870863083,0.7179852651595542,0.014578595466486752,0.49692678161342163,0.7443170529562784,0.3692551299788931,0.0,0.6480182275065677,0.8430903214883912,0.64
362,0.7418644363846876,0.7242019282481693,0.0,0.40352635153177063,0.782471940725635,0.3826342105824657,0.0,0.64,0.8504488158203561,0.64
363,0.6952304812042688,0.7303515654587102,0.0,0.5380522649710653,0.737449481302427,0.44330758558041405,0.0,0.64,0.8838191720692278,0.64
364,0.6864268088211503,0.7364171457170565,0.0,0.2937543613787421,0.7496356972084025,0.38492377110122644,0.0,0.64,0.8517080741056746,0.64
365,0.7047461729541324,0.7423818707400841,0.03174575573286356,0.258112263737021,0.7613069184561023,0.33541805459595075,0.0,0.657460165653075,0.824479930027773,0.64
366,0.7434428202161767,0.748229221557568,0.0,0.38484845961352143,0.8215112668997644,0.3547151015943176,0.0,0.64,0.8350933058768747,0.64
367,0.6592023478439487,0.7539430042605375,0.0,0.10611140143896966,0.6800925229277446,0.25766314978125093,0.0,0.64,0.781714732379688,0.64
368,0.7135373284641543,0.7595073948493988,0.0,0.3095992081176734,0.8176330639739379,0.27793837427661194,0.0,0.64,0.7928661058521366,0.64
369,0.6515445110516732,0.7649069830576082,0.0,-0.0021170988451947037,0.7960734386035307,0.16860802132764569,0.0,0.64,0.7327344117302051,0.64
370,0.677853117163558,0.7701268150295395,0.0,0.24377398766999026,0.791931418382788,0.1979519278699912,0.0,0.64,0.7488735603284952,0.64
371,0.689479616129595,0.7751524347343463,0.0,0.17572195637413962,0.7797386991653105,0.18927360924048942,0.0,0.64,0.7441004850822692,0.64
372,0.6645441870939551,0.7799699240011231,0.0,0.0007241415388015149,0.7603620747173414,0.1156661213296948,0.0,0.64,0.7036163667313322,0.64
373,0.7569532661957267,0.7845659410644995,0.0,0.11373572812976804,0.7948511769035514,0.11491251859690163,0.0,0.64,0.703201885228296,0.64
374,0.6700268781968247,0.7889277575139058,0.0,0.14613187052242282,0.8184025340951688,0.12710018530024322,0.0,0.64,0.7099051019151338,0.64
375,0.7103512311250192,0.7930432935441906,0.0,0.13743246627716582,0.7499001438016256,0.13113378590580438,0.0,0.64,0.7121235822481924,0.64
376,0.7388952705403818,0.7969011514099621,0.0,0.14440905487497804,0.7124651185780898,0.1363162943057061,0.0,0.64,0.7149739618681383,0.64
377,0.6568069551745153,0.8004906469910009,0.01877327088020781,0.12204932723167924,0.7974178907168634,0.1307466386645317,0.0,0.6503252989841143,0.7119106512654925,0.64
378,0.7036431993684931,0.803801839381331,0.0,0.2128875791240989,0.7488730958193299,0.16281349281988167,0.0,0.64,0.729547421050935,0.64
379,0.6651773466944251,0.806825558419998,0.0,0.1420456102210542,0.8406442803261934,0.15470595644781102,0.0,0.64,0.7250882760462961,0.64
380,0.645195317452614,0.8095534300873153,0.0,0.25715058420336256,0.8510138871993099,0.1946991306050198,0.0,0.64,0.7470845218327609,0.64
381,0.6615664773371588,0.8119778996962386,0.0,0.2778659641813491,0.7824716536378897,0.22716648133090003,0.0,0.64,0.764941564731995,0.64
382,0.7087325296316063,0.8140922528146477,0.0,0.1525280163670003,0.8133420006893024,0.1980285051038723,0.0,0.64,0.7489156778071298,0.64
383,0.6121045436384979,0.815890633860588,0.0,0.09422886412095542,0.7573779230205882,0.15750634976751715,0.0,0.64,0.7266284923721344,0.64
384,0.6798103862211808,0.8173680623189749,0.0,0.18939985441550583,0.868002138055072,0.1699571977408667,0.0,0.64,0.7334764587574767,0.64
385,0.65674901055624,0.8185204465348501,0.0,0.41600141780717453,0.8344724954264164,0.26600995872084116,0.0,0.64,0.7863054772964626,0.64
386,0.718799092641437,0.81934459504499,0.0,0.34810864551874066,0.8297322098217056,0.29806031754513396,0.0,0.64,0.8039331746498237,0.64
387,0.7087536743745505,0.8198382254164832,0.0,0.39281911419557974,0.7938738864491126,0.33505303390710484,0.0,0.64,0.8242791686489077,0.64
388,0.6591682967450649,0.8199999705677997,0.0,0.36998067389491546,0.790465645429789,0.3486883725240398,0.0,0.64,0.8317786048882219,0.64
389,0.6555063478801071,0.8198293825548469,0.0,0.17601985597729233,0.768978576590802,0.2812806205997644,0.0,0.64,0.7947043413298704,0.64
390,0.6767495195710362,0.819326933811525,0.0,0.17070972598206394,0.7809470884651654,0.23811504772349967,0.0,0.64,0.7709632762479248,0.64
391,0.6851653818381771,0.8184940158413484,0.0,0.25359012837911166,0.828467285308458,0.24415633665505326,0.0,0.64,0.7742859851602794,0.64
392,0.6928059897295081,0.8173329353637544,0.0,0.1781991835118992,0.7854953503390868,0.2184074421511645,0.0,0.64,0.7601240931831406,0.64
393,0.7043062420479966,0.8158469079257741,0.0,0.16077045489955416,0.8040928908012451,0.1959066422600198,0.0,0.64,0.7477486532430109,0.64
394,0.6694113805026222,0.8140400489967559,0.0,0.18116765776840477,0.8526272476379116,0.190152716587313,0.0,0.64,0.7445839941230221,0.64
395,0.6338890265622972,0.811917362570804,0.0,0.36817186686165115,0.8293435545394195,0.25964929279849563,0.0,0.64,0.7828071110391727,0.64
396,0.6907910712378154,0.8094847273084997,0.0,0.2998954570923475,0.7608509514339374,0.2753609205629533,0.0,0.64,0.7914485063096244,0.64
397,0.7028605616163098,0.8067488802562803,0.0,0.36428175753779546,0.8102585897067465,0.31007456633679836,0.0,0.64,0.8105410114852392,0.64
398,0.6133821323281975,0.8037173981885698,0.0,0.3500075690565678,0.7982446958701108,0.32566393951703804,0.0,0.64,0.819115166734371,0.64
399,0.6588627770047794,0.8003986766243267,0.0,0.17959061575758367,0.7786175142863663,0.2686386371188103,0.0,0.64,0.7877512504153457,0.64
400,0.6718777446631338,0.7968019065761286,0.0,0.4171634467035631,0.7986258085672165,0.326620970663552,0.0,0.64,0.8196415338649536,0.64
401,0.7232237876367444,0.7929370490961796,0.024154339157525493,0.49777088967114674,0.8353954676310089,0.39343588002313024,0.0,0.6532848865366391,0.8563897340127217,0.64
402,0.6687190934842596,0.7888148076897354,0.0,0.2169444405379849,0.7595700782948163,0.3245357040819532,0.0,0.64,0.8184946372450743,0.64
403,0.660729524538328,0.7844465986723511,0.0,0.4280357924321888,0.8058224336646163,0.36494091760427144,0.0,0.64,0.8407175046823493,0.64
404,0.6471961255021941,0.7798445195530342,0.0,0.22011970875901346,0.7631943893456271,0.30840442609759955,0.0,0.64,0.8096224343536798,0.64
405,0.6258359896781277,0.7750213155308775,0.0,-0.05096961132845362,0.7977813061960582,0.16810904134931975,0.0,0.64,0.7324599727421259,0.64
406,0.6542096267044294,0.7699903441979448,0.029791729558176154,0.2729226105522645,0.764061001180137,0.20902702230166761,0.0,0.6563854512569969,0.7549648622659172,0.64
407,0.6972280835516731,0.7647655385461739,0.007518984240148585,0.27614017441148003,0.7499025068955024,0.23522720516505374,0.0,0.6441354413320818,0.7693749628407796,0.64
408,0.6334194617342118,0.7593613683807389,0.005867926955407339,0.35114171569021607,0.8280072264797597,0.28047886265403527,0.0,0.6432273598254741,0.7942633744597194,0.64
409,0.63871166344052,0.7537928002467374,0.0,0.11785609418894673,0.7924791240029749,0.21699285227318071,0.0,0.64,0.7593460687502495,0.64
410,0.6049968227686099,0.7480752559801898,0.0,0.3432654838660151,0.8045234944451535,0.26628819803432163,0.0,0.64,0.7864585089188769,0.64
411,0.6161365186068656,0.7422245699981282,0.0,0.13001524790386648,0.7119401275803908,0.2130888458878292,0.0,0.64,0.757198865238306,0.64
412,0.602136122283703,0.7362569454460738,0.0,0.40856333811312534,0.7124810635797292,0.28939978167952646,0.0,0.64,0.7991698799237396,0.64
413,0.6164993265766968,0.730188909324335,0.0,0.5166567637471551,0.7703637833425527,0.3781182265740643,0.0,0.64,0.8479650246157354,0.64
414,0.6204226126657549,0.7240372667174099,0.0,0.13643181790217876,0.7715257730777868,0.28376670375425245,0.0,0.64,0.7960716870648389,0.64
415,0.6901048797150247,0.7178190542532528,0.0,0.15856787203508693,0.6974220593866101,0.23489055679639187,0.0,0.64,0.7691898062380156,0.64
416,0.5748425737957991,0.7115514929212893,0.0,0.07089977399062239,0.7540775195823551,0.17087048975512403,0.0,0.64,0.7339787693653183,0.64
417,0.5774870527413584,0.7052519403798585,0.0,0.23673154823607526,0.6747093148578953,0.1965818700364981,0.0,0.64,0.748120028520074,0.64
418,0.6494183854174967,0.6989378428851515,0.0,0.08632769696860076,0.7238175385864354,0.15353994151697642,0.0,0.64,0.724446967834337,0.64
419,0.6484697077687923,0.6926266869747904,0.0,0.4461142807798508,0.7125105731840959,0.2677575121248831,0.0,0.64,0.7872666316686857,0.64
420,0.643217213300841,0.6863359510398449,0.0,0.13875936218995788,0.6723649128676977,0.21739815615537866,0.0,0.64,0.7595689858854583,0.64
421,0.6498886803853222,0.6800830569194108,0.0,0.12140236465076855,0.5988933813891608,0.17992253159492017,0.0,0.64,0.7389573923772061,0.64
422,0.607479754026991,0.6738853216518106,0.0,0.010271309485334668,0.650234968660085,0.11369269582450044,0.0,0.64,0.7025309827034752,0.64
423,0.6271296752875878,0.6677599095160262,0.027446437758134812,0.34309629860827634,0.6556100992817409,0.20324915612337166,0.0,0.6550955407669742,0.7517870358678544,0.64
424,0.5735588011640855,0.6617237844961986,0.0,0.12103860019783115,0.66760608191114,0.1711551249113453,0.0,0.64,0.7341353187012399,0.64
425,0.6044595939114038,0.6557936633008253,0.026277238412224402,0.28806694084100576,0.6129199057717096,0.21679611866523268,0.0,0.6544524811267234,0.759237865265878,0.64
426,0.6493046625200047,0.6499859690667795,0.045069502686402384,0.3114979288399054,0.6211423714629188,0.25376658817931974,0.0,0.6647882264775213,0.7795716234986259,0.64
427,0.5438535498173065,0.6443167858763557,0.0,0.2997522983325262,0.6122043064191279,0.27171886693900754,0.0,0.64,0.7894453768164542,0.64
428,0.5573645809881687,0.6388018142133078,0.0,0.22433775620555152,0.6630574064054585,0.2532218402540488,0.0,0.64,0.7792720121397269,0.64
429,0.6135813617337246,0.6334563274812467,0.029262758198238384,0.16085605344057488,0.6726022700107989,0.21716332670257857,0.0,0.6560945170090311,0.7594398296864182,0.64
430,0.5612342820853392,0.6282951297048043,0.021226533574493778,0.2518820224694643,0.6380255083752373,0.2307170959605372,0.0,0.6516745934659716,0.7668944027782955,0.64
431,0.6168076947285931,0.6233325145307239,0.015013724385014403,0.3733770374624241,0.6583465594627265,0.28640985419239084,0.0,0.648257548411758,0.797525419805815,0.64
432,0.5887415173962713,0.618582225642409,0.0,0.1156425585023589,0.5974814519106317,0.21974431646225917,0.0,0.64,0.7608593740542425,0.64
433,0.5754931809373386,0.614057418697564,0.0,0.5591229963241894,0.6395937558531685,0.35223374949869535,1.0,0.64,0.8337285622242825,1.52
434,0.6015128558380506,0.6097706248943442,0.0,0.1252770936067448,0.597007520884919,0.2636325484002551,0.0,0.64,0.7849979016201403,0.64
435,0.5810621631470917,0.6057337162669039,0.0,0.3968041428424397,0.5832043619552035,0.31562116787211264,0.0,0.64,0.813591642329662,0.64
436,0.6044950857904995,0.6019578728064692,0.0,0.2107362628276345,0.6130692245383261,0.27467533824876467,0.0,0.64,0.7910714360368206,0.64
437,0.5747263363526113,0.5984535514989795,0.00792486011591493,0.24741932107358988,0.6049473833306883,0.2640349106772997,0.0,0.6443586730637533,0.7852192008725148,0.64
438,0.5090391769482975,0.5952304573650546,0.0,-0.1029449963117075,0.6203711438248103,0.12077028417654789,0.0,0.64,0.7064236562971014,0.64
439,0.5718612569404099,0.5922975165824865,0.0,0.10158630959910953,0.5690309355280797,0.1132810868109849,0.0,0.64,0.7023045977460417,0.64
440,0.614819818739597,0.5896628517656909,0.05082708193025002,0.28951933787753054,0.641183994707986,0.1820824209803532,0.0,0.6679548950616375,0.7401453315391943,0.64
441,0.5086294111456604,0.5873337594705857,0.0,0.12005948983850526,0.5523355359547035,0.15786940033455293,0.0,0.64,0.7268281701840041,0.64
442,0.5363032784025047,0.5853166899871887,0.0,0.5506958316646806,0.5588835267566362,0.3112242050318569,1.0,0.64,0.8111733127675214,1.52
443,0.5513752901143493,0.583617229475903,0.0,0.18886489629847053,0.6208534725159698,0.263456574350366,0.0,0.64,0.7849011158927013,0.64
444,0.5999596551406602,0.5822400844969604,0.0,0.2293937264562625,0.5716410519471389,0.2501588403650368,0.0,0.64,0.7775873622007703,0.64
445,0.554194348426735,0.5811890689758671,0.0,-0.016985106959970908,0.4885247425289588,0.14586899477248189,0.0,0.64,0.720227947124865,0.64
446,0.5560790516731878,0.5804670936409523,0.0,0.2034645522747935,0.4858025806200434,0.16835362097823875,0.0,0.64,0.7325944915380314,0.64
447,0.5259295068848501,0.5800761579622693,0.0,0.014429738222963034,0.5434547322244131,0.10826355295949941,0.0,0.64,0.6995449541277247,0.64
448,0.5548912218218086,0.5800173446141768,0.006065841249710622,0.20119656877372033,0.6005927526587876,0.14454350602137545,0.0,0.6433362126873409,0.7194989283117565,0.64
449,0.5126869967610047,0.5802908164769315,0.0,0.18427380804899363,0.6024668712501331,0.16005374724261834,0.0,0.64,0.7280295609834401,0.64
450,0.5255311199142871,0.5808958161856023,0.0,0.16777020009877794,0.5550985788407544,0.16306615940822902,0.0,0.64,0.729686387674526,0.64
451,0.5914870886071734,0.5818306682275483,0.015752074609981993,0.2836934451087796,0.6734955377326255,0.2101576287300263,0.0,0.6486636410354901,0.7555866958015145,0.64
452,0.5634310444264856,0.5830927835826577,0.0,0.28064098698443246,0.6166115336264403,0.23767350031462142,0.0,0.64,0.7707204251730418,0.64
453,0.5747621395173746,0.5846786668934929,0.02991726014940766,0.34151056291771087,0.5375900139467497,0.2782102646100367,0.0,0.6564544930821742,0.7930156455355202,0.64
454,0.488982888881799,0.5865839261454864,0.0019731156426162494,0.23488937231005075,0.5457235790298915,0.26129829930392884,0.0,0.641085213603439,0.7837140646171609,0.64
455,0.5004706564698965,0.5888032848303772,0.0,0.1824311214982343,0.6022572714724921,0.23050948346873473,0.0,0.64,0.7667802159078041,0.64
456,0.5003220890275352,0.5913305965592051,0.0,0.32423320434852476,0.6551724983861174,0.2670981184604212,0.0,0.64,0.7869039651532317,0.64
457,0.5026904285779127,0.594158862084387,0.0,0.2292417911825282,0.6205458880812325,0.2523194548745698,0.0,0.64,0.7787757001810134,0.64
458,0.517273170991652,0.5972802486837399,0.0,0.2499157083505828,0.6377032221123268,0.251381060588117,0.0,0.64,0.7782595833234643,0.64
459,0.47292246414884537,0.6006861118527652,0.01082807384970489,0.4336216119545927,0.6736088194701978,0.3225256219866551,0.0,0.6459554406173377,0.8173890920926603,0.64
460,0.5564914878916393,0.6043670192451154,0.013077451493785596,0.1750984856087803,0.580369527894268,0.26497180711284973,0.0,0.647192598321582,0.7857344939120674,0.64
461,0.46945259620039803,0.6083127767949484,0.0,0.16036680300025732,0.6351237264114039,0.22413524751137526,0.0,0.64,0.7632743861312564,0.64
462,0.4302996243122449,0.6125124569488171,0.0031387299760998813,0.42879262143322305,0.611417158772131,0.30403107198880774,0.0,0.6417263014868549,0.8072170895938443,0.64
463,0.508260423975184,0.6169544289289154,0.0,0.2107075490577423,0.6086007030213393,0.2675986695552491,0.0,0.64,0.7871792682553871,0.64
464,0.4814011172290352,0.6216263909438614,0.0,0.1898684736210861,0.6206638292362636,0.23725371802995565,0.0,0.64,0.7704895449164757,0.64
465,0.4918284201374669,0.6265154042578165,0.0,0.17688076378008472,0.6284291340779418,0.21368482889833945,0.0,0.64,0.7575266558940867,0.64
466,0.497517107032224,0.6316079290235872,0.0,0.22446899568072368,0.6709378307470344,0.21789484039154736,0.0,0.64,0.7598421622153511,0.64
467,0.4945059562918273,0.6368898617804678,0.0,0.11412324250841885,0.6274397957994682,0.17738363275053082,0.0,0.64,0.737560998012792,0.64
468,0.495700671538988,0.6423465745129833,0.0,0.1545261797782281,0.6166375911935309,0.1684603527548946,0.0,0.64,0.732653194015192,0.64
469,0.4823662877628717,0.6479629551623522,0.0,0.05986451241117642,0.6184664576857912,0.12606581776787665,0.0,0.64,0.7093361997723322,0.64
470,0.46534958925804487,0.6537234494784852,0.0,0.019693145713654686,0.6129958194874509,0.08453918145481125,0.0,0.64,0.6864965498001462,0.64
471,0.4807093499041859,0.6596121040966045,0.0,0.18131170422732015,0.6737006470659656,0.12231803273931571,0.0,0.64,0.7072749180066237,0.64
472,0.45978627257753923,0.6656126107191884,0.0,0.1537499081011222,0.6523248773342667,0.1345886660850871,0.0,0.64,0.7140237663467979,0.64
473,0.47061696525774693,0.6717083512808861,0.0,0.2956956557733552,0.6047005438586551,0.19748293431280667,0.0,0.64,0.7486156138720437,0.64
474,0.4527054329303699,0.6778824439713109,0.0,0.2738399059040001,0.6535453866197586,0.2272917952542547,0.0,0.64,0.7650104873898401,0.64
475,0.4718703436424001,0.6841177899882672,0.0,0.2537379124794409,0.7536092790718831,0.23761604743947007,0.0,0.64,0.7706888260917085,0.64
476,0.4410063015144984,0.6903971208919182,0.0,0.04306342116628621,0.7293254721033557,0.16166499724041122,0.0,0.64,0.7289157484822262,0.64
477,0.48694721352516707,0.6967030464287589,0.0,0.03425033992254428,0.7127989793085503,0.11192381810846413,0.0,0.64,0.7015580999596553,0.64
478,0.482729080844868,0.7030181026929461,0.0,0.26653688752884835,0.6297984218515497,0.17228293647106613,0.0,0.64,0.7347556150590864,0.64
479,0.42554015571190074,0.7093248004915991,0.0,0.0018140143424764388,0.7545790267705828,0.10573388025946896,0.0,0.64,0.6981536341427079,0.64
480,0.5001327588543896,0.7156056737801391,0.0,0.3094744396362352,0.7022974182832731,0.18527179115397746,0.0,0.64,0.7418994851346876,0.64
481,0.4046703328104967,0.7218433280335124,0.0,0.11776964662600785,0.7199424119154197,0.1589197502394077,0.0,0.64,0.7274058626316743,0.64
482,0.4601591078632909,0.7280204884193526,0.0,0.18407604018201168,0.7449851145645351,0.16874046906933463,0.0,0.64,0.7328072579881341,0.64
483,0.4369689969434129,0.7341200476396532,0.0,0.2060296838045937,0.7375043783233578,0.1832977386086537,0.0,0.64,0.7408137562347595,0.64
484,0.42882251728368515,0.740125113308468,0.0,0.31140072119009626,0.7461255574208809,0.23330763180346675,0.0,0.64,0.7683191974919068,0.64
485,0.400663590154204,0.7460190547344241,0.0,0.12384056868203916,0.7282005002244759,0.19057298172167,0.0,0.64,0.7448151399469185,0.64
486,0.4635876633888898,0.7517855489784828,0.0,0.22128997125784883,0.7575254481248586,0.20256453207447986,0.0,0.64,0.7514104926409639,0.64
487,0.39380681870165757,0.7574086260594042,0.0,0.12650273516172983,0.7774640918039348,0.17287090384538015,0.0,0.64,0.735078997114959,0.64
488,0.41377204873681533,0.7628727131817081,0.0,-0.055025875389833945,0.7195256047063394,0.08390268968417473,0.0,0.64,0.6861464793262961,0.64
489,0.4490178412513859,0.7681626778636559,0.0,0.15561061931530534,0.7442006945785208,0.11189661948822216,0.0,0.64,0.7015431407185222,0.64
490,0.4561981628693229,0.7732638698458083,0.0,0.06372002005444066,0.8001502860774532,0.0930890433988757,0.0,0.64,0.6911989738693817,0.64
491,0.44160222687840583,0.7781621616640915,0.0,-0.07192141197861135,0.8362415601716155,0.028670908214480484,0.0,0.64,0.6557689995179643,0.64
492,0.4249783454099004,0.7828439877750164,0.0,0.15529326315088987,0.8189151311448414,0.07810278184333752,0.0,0.64,0.6829565300138356,0.64
493,0.34105918591979345,0.7872963821246857,0.0,0.2081773030112674,0.7040545486610212,0.1288823404444732,0.0,0.64,0.7108852872444603,0.64
494,0.44042062223029643,0.7915070140575523,0.0,0.29087319009648893,0.8074486425064901,0.1921216571753226,0.0,0.64,0.7456669114464275,0.64
495,0.4834090790765799,0.7954642224654739,0.0,0.16975820955101084,0.837355735286903,0.18339123103986085,0.0,0.64,0.7408651770719235,0.64
496,0.39524206265628614,0.7991570480824967,0.0,0.09371624296472968,0.7962425128433064,0.148383173573031,0.0,0.64,0.721610745465167,0.64
497,0.38063996554847546,0.802575263835926,0.0,0.19841762066534108,0.8054354822749443,0.16791603147161385,0.0,0.64,0.7323538173093876,0.64
498,0.4628312478353895,0.8057094031696272,0.0,0.3187791424265737,0.7838436697038856,0.2268112102868159,0.0,0.64,0.7647461656577488,0.64
499,0.4332935137516735,0.8085507862611216,0.0,0.17541339959628416,0.8015364647356088,0.20674611132281198,0.0,0.64,0.7537103612275466,0.64
500,0.3946211728744516,0.8110915440598647,0.0,0.09643009660862185,0.7822980262734893,0.163680040554111,0.0,0.64,0.730024022304761,0.64
501,0.3426020217831381,0.8133246400801399,0.0,0.05396339333352773,0.7923523837972681,0.12084795578429702,0.0,0.64,0.7064663756813634,0.64
502,0.37563537641163314,0.8152438898882095,0.0,0.2256109913360837,0.8052364692212528,0.161746208995368,0.0,0.64,0.7289604149474525,0.64
503,0.3916312116602085,0.8168439782297547,0.0,0.25430574466807915,0.8537174813609719,0.19788035981586835,0.0,0.64,0.7488341978987276,0.64
504,0.44018600686959947,0.8181204737501756,0.0,0.13854032386044757,0.8626544144864506,0.17471470980127723,0.0,0.64,0.7360930903907025,0.64
505,0.3880742565015685,0.8190698412669756,0.0,0.18116447128867494,0.8339789506069405,0.1772326205994252,0.0,0.64,0.7374779413296839,0.64
506,0.3956460714298623,0.8196894515602524,0.0,0.11711148837162545,0.848703798446206,0.15376203981453213,0.0,0.64,0.7245691218979927,0.64
507,0.43536030380335633,0.8199775886541738,0.0,0.2403875275821239,0.7735869575637501,0.18757960833563708,0.0,0.64,0.7431687845846005,0.64
508,0.3632853266973103,0.8199334545692758,0.0,0.18417883363935816,0.8799651460388991,0.18625198601246123,0.0,0.64,0.7424385923068537,0.64
509,0.3653847989236778,0.8195571715324225,0.0,0.02538575651011621,0.7902649452792332,0.1234517077211268,0.0,0.64,0.7078984392466198,0.64
510,0.3932716696952691,0.8188497816383054,0.0,0.1631928064055306,0.8660327850682982,0.13896616382981283,0.0,0.64,0.7164313901063971,0.64
511,0.37156895186925465,0.8178132439634205,0.0,0.24164976495935214,0.8205947586771455,0.17905263037310587,0.0,0.64,0.7384789467052082,0.64
512,0.41509567951976906,0.816450429140517,0.0,0.014489379123663354,0.8002406649452145,0.11480907840472256,0.0,0.64,0.7031449931225975,0.64
513,0.381210302504172,0.8147651114085404,0.0,0.07521660179911771,0.8807671240205257,0.09935264260233505,0.0,0.64,0.6946439534312843,0.64
514,0.40632650638473544,0.812761958160091,0.0,0.23142268363895802,0.7815994458509962,0.1509112286194641,0.0,0.64,0.7230011757407053,0.64
515,0.4276047115918131,0.8104465170153429,0.0,-0.03223372954777878,0.8344976764849856,0.07941359747501069,0.0,0.64,0.6836774786112559,0.64
516,0.4165971564572234,0.8078252004582211,0.0,0.3360013051626598,0.7912519828711437,0.1795824116429653,0.0,0.64,0.7387703264036309,0.64
517,0.41535734942557057,0.8049052680773897,0.0,0.037341397907841564,0.8528964815215674,0.12405319786924981,0.0,0.64,0.7082292588280874,0.64
518,0.3565325886233366,0.8016948064612281,0.0,0.18747641241369073,0.7581380720552043,0.14881287263656223,0.0,0.64,0.7218470799501092,0.64
519,0.3966765197833769,0.7982027068024815,0.0,0.1471321241736944,0.752862326119273,0.1481567282641084,0.0,0.64,0.7214862005452596,0.64
520,0.41060899171072207,0.7944386402746006,0.0,0.19754903585706354,0.7837808273774939,0.1674389024773329,0.0,0.64,0.7320913963625331,0.64
521,0.40252314040701886,0.7904130312479738,0.0,0.1565526128808786,0.7375595950167284,0.1631890234422342,0.0,0.64,0.7297539628932288,0.64
522,0.3239733919644906,0.7861370284202184,0.0,0.0010965603404595459,0.7679571077528379,0.09991003801931227,0.0,0.64,0.6949505209106218,0.64
523,0.41410427330661875,0.7816224739404898,0.0,0.05335600789934676,0.7572181897609765,0.08173589384895748,0.0,0.64,0.6849547416169266,0.64
524,0.3700427321325806,0.7768818706133177,0.0,0.11268412606224545,0.744053890575076,0.09381771861498765,0.0,0.64,0.6915997452382432,0.64
525,0.37274749720852246,0.7719283472727906,0.0,0.051326724176005534,0.7953313695338958,0.07722973564367844,0.0,0.64,0.6824763546040231,0.64
526,0.41635021581294474,0.7667756224229904,0.0,0.015696844265806364,0.766898221141189,0.05320802074083435,0.0,0.64,0.669264411407459,0.64
527,0.4137841445419296,0.761437966245367,0.0,0.2411040870305493,0.8028072506894816,0.12656042844843907,0.0,0.64,0.7096082356466415,0.64
528,0.3930279129333879,0.7559301610782728,0.0,0.23064610000343738,0.7389129889192687,0.16719424674589,0.0,0.64,0.7319568357102395,0.64
529,0.43673232944085255,0.750267460478111,0.0,0.23127842691589878,0.7433387027032994,0.19221195469614627,0.0,0.64,0.7457165750828805,0.64
530,0.34687680793285225,0.7444655469754671,0.0,0.15873646099566963,0.7453027599157618,0.17914351685911037,0.0,0.64,0.7385289342725108,0.64
531,0.3745032759448963,0.7385404886432257,0.0,0.3124906163028798,0.705450128120595,0.2312006514131896,0.0,0.64,0.7671603582772544,0.64
532,0.3036311075724546,0.7325086945969442,0.0,-0.03768619269902554,0.7272269163415601,0.12623039947550985,0.0,0.64,0.7094267197115305,0.64
533,0.3970335056277916,0.7263868695507338,0.0,0.037954398700867684,0.7682982266604855,0.0917684901472206,0.0,0.64,0.6904726695809713,0.64
534,0.3666676100417962,0.7201919675544923,0.0,0.06304956826049839,0.6764846982307657,0.08055696183395857,0.0,0.64,0.6843063290086773,0.64
535,0.43473433925331606,0.7139411450406165,0.0,0.027019911503056965,0.7438905475241008,0.059656728950531736,0.0,0.64,0.6728112009227925,0.64
536,0.3571611560749047,0.7076517133102308,0.0,0.260157883571657,0.697424401566926,0.13793001444304084,0.0,0.64,0.7158615079436725,0.64
537,0.3745905245024777,0.7013410905905099,0.0,0.24112093173249788,0.700447903313751,0.1782145312304596,0.0,0.64,0.7380179921767528,0.64
538,0.3608099496784322,0.6950267537958825,0.0,0.17645127998713847,0.7257747863997472,0.1775261787457854,0.0,0.64,0.737639398310182,0.64
539,0.4720278095159004,0.688726190126697,0.0,0.1073161703074233,0.6871959953151517,0.15011701970472138,0.0,0.64,0.7225643608375968,0.64
540,0.45410561416433004,0.6824568486394074,0.0,0.3155720457544115,0.5724976641289403,0.21470871003503436,0.0,0.64,0.758089790519269,0.64
541,0.443387059440194,0.6762360919223921,0.0,0.21027662074868603,0.7037753566494576,0.2129784746621051,0.0,0.64,0.7571381610641579,0.64
542,0.38558518304346945,0.670081148011242,0.0,0.16383041843661944,0.6935719316177313,0.19379165330135667,0.0,0.64,0.7465854093157462,0.64
543,0.3948210233489029,0.6640090626766875,0.0,-0.0926704906147039,0.7655878500230896,0.08196021165251359,0.0,0.64,0.6850781164088825,0.64
544,0.41866897246553614,0.6580366522172937,0.0,-0.03282656606776274,0.6952357453787648,0.037148807746923716,0.0,0.64,0.660431844260808,0.64
545,0.41017426477513136,0.6521804568876701,0.0,0.24578556572790639,0.6530184096079078,0.11859813681705339,0.0,0.64,0.7052289752493794,0.64
546,0.4498531154466114,0.6464566950911657,0.0,0.11836653506713775,0.6234137558357126,0.11850772222604533,0.0,0.64,0.705179247224325,0.64
547,0.39184990454162555,0.640881218463912,0.0,0.1197518600621606,0.6982988698032562,0.11899341896042226,0.0,0.64,0.7054463804282323,0.64
548,0.3312869566756236,0.6354694679746126,0.0,0.005733840063120582,0.6169045875764053,0.074778215459266,0.0,0.64,0.6811280185025963,0.64
549,0.446520815906217,0.6302364311616454,0.0,0.15968053521772882,0.6112736013114453,0.10792307951747158,0.0,0.64,0.6993576937346094,0.64
550,0.45074415860857964,0.6251966006259224,0.0,-0.06337988985212265,0.6147079201877622,0.04104842110207289,0.0,0.64,0.6625766316061401,0.64
551,0.39676681764127625,0.6203639338944439,0.0,0.1564642808528998,0.6227768237174928,0.08610541121123619,0.0,0.64,0.6873579761661799,0.64
552,0.4435712513111635,0.6157518147657155,0.0,0.13110025190290298,0.5792458019604357,0.10367086622222556,0.0,0.64,0.6970189764222241,0.64
553,0.4538109083103843,0.6113730162440708,0.0,0.3694603828987024,0.6620168016251985,0.20743195806753856,0.0,0.64,0.7540875769371462,0.64
554,0.4204390562282117,0.6072396651655534,0.0,0.034534262801837884,0.619479237701449,0.13993473747495883,0.0,0.64,0.7169641056112274,0.64
555,0.5063099218530567,0.6033632086133295,0.0,-0.08671649934260295,0.5530643223474093,0.051452768380192845,0.0,0.64,0.6682990226091061,0.64
556,0.4104587690944861,0.5997543822156328,0.0,0.143812205186439,0.6117509616659185,0.08750880296375113,0.0,0.64,0.6881298416300632,0.64
557,0.505069832681036,0.5964231804140492,0.0,0.07505885437568831,0.6750532157434821,0.08264848990449743,0.0,0.64,0.6854566694474736,0.64
558,0.4643230354892048,0.59337882878447,0.0,-0.08093614713119618,0.5324079917854125,0.01878697738064769,0.0,0.64,0.6503328375593562,0.64
559,0.3831955418539785,0.5906297584873822,0.0,0.13941666793969518,0.6303482159915507,0.06587938553083254,0.0,0.64,0.6762336620419579,0.64
560,0.45486798951521423,0.5881835829182415,0.0,0.07026884277876413,0.6642314399137615,0.06759297785888546,0.0,0.64,0.6771761378223871,0.64
561,0.4086343610827061,0.586047076622603,0.0,0.14609709891560244,0.6107169167594504,0.09824006062218579,0.0,0.64,0.6940320333422022,0.64
562,0.4520641031965062,0.5842261565343994,0.0,0.2560966357778449,0.5783308072597824,0.1598654053608578,0.0,0.64,0.7279259729484718,0.64
563,0.45311207414693755,0.5827258655893235,0.0,0.042799949044276794,0.574416148631683,0.11416443221238122,0.0,0.64,0.7027904377168097,0.64
564,0.4604556943134928,0.5815503587587041,0.0,0.3214961455896598,0.6338590700506489,0.19510428726457213,0.0,0.64,0.7473073579955147,0.64
565,0.4588648457101796,0.5807028915425447,0.0,0.1959948399822582,0.6111662508313477,0.19545194853988643,0.0,0.64,0.7474985716969376,0.64
566,0.4756154297894048,0.5801858109536009,0.0,0.11020575048213438,0.5488032694138794,0.1621728384503011,0.0,0.64,0.7291950611476656,0.64
567,0.5039140066453769,0.5800005490174596,0.0096448899496514,0.2712726713824296,0.5974327353530507,0.20476412619833578,0.0,0.6453046894723082,0.7526202694090847,0.64
568,0.48855150258585484,0.5801476188066255,0.0,-0.042979643468313095,0.6066854342032687,0.10804788110363114,0.0,0.64,0.6994263346069971,0.64
569,0.4893880715450759,0.5806266130195953,0.0,0.05551974817434009,0.6317413277741362,0.08754151767179849,0.0,0.64,0.6881478347194891,0.64
570,0.4321559597894372,0.5814362051088565,0.0,0.22800816373588087,0.6762647103906189,0.14237803923859607,0.0,0.64,0.7183079215812278,0.64
571,0.4676546202478389,0.5825741529546861,0.0,0.10289008147999457,0.5887810993083598,0.12696240636109096,0.0,0.64,0.7098293234986001,0.64
572,0.48581990205884756,0.5840373050745742,0.0,0.29901929411683636,0.5526420475839385,0.19413138562062032,0.0,0.64,0.7467722620913412,0.64
573,0.4798421576724593,0.585821609351079,0.0,0.10343366807669419,0.5684372583265332,0.15872406663410565,0.0,0.64,0.7272982366487581,0.64
574,0.5087367448351753,0.5879221242539362,0.0,0.028471048157814455,0.5838313752326719,0.10787482478948238,0.0,0.64,0.6993311536342153,0.64
575,0.4944688035397003,0.5903330325253506,0.013860110496633996,0.06360019822007601,0.6291079217392528,0.0905905328756031,0.0,0.6476230607731487,0.6898247930815817,0.64
576,0.4805125249386037,0.5930476572905624,0.0,0.1289721391302474,0.6038683589985663,0.1055742591773683,0.0,0.64,0.6980658425475526,0.64
577,0.5330428556819807,0.5960584805490778,0.024842566496508074,0.14993920145087525,0.6492567796871823,0.12289380927669234,0.0,0.6536634115730795,0.7075915951021808,0.64
578,0.5400686845081042,0.5993571639953471,0.022898429804555167,0.13454239471215482,0.6353833983632222,0.12744127961468996,0.0,0.6525941363925054,0.7100927037880795,0.64
579,0.5100718885073694,0.6029345721112322,0.0,0.1462327326056878,0.6294991534753366,0.13477724118340437,0.0,0.64,0.7141274826508724,0.64
580,0.5498464957426229,0.606780797466312,0.011194814743062578,0.18572793433700402,0.646596690948545,0.15466779073554515,0.0,0.6461571481086844,0.7250672849045499,0.64
581,0.5630748760839972,0.6108851881559503,0.0,0.37374616106063824,0.5574723351335522,0.24019340208722606,0.0,0.64,0.7721063711479743,0.64
582,0.538927383703896,0.615236377301149,0.0,0.3665655588497082,0.6263866346228438,0.2895276013005192,0.0,0.64,0.7992401807152856,0.64
583,0.5113688209506828,0.6198223145284777,0.0,0.02883846274728205,0.6504605227035363,0.18775763690638958,0.0,0.64,0.7432667002985143,0.64
584,0.5218360567584425,0.6246302993429051,0.0,0.24647869702482966,0.594033819712544,0.21068164605615622,0.0,0.64,0.755874905330886,0.64
585,0.519002960621809,0.6296470163011066,0.0,0.3801701144814771,0.6881578263677098,0.27684794470821134,0.0,0.64,0.7922663695895162,0.64
586,0.5305421663717769,0.6348585718878326,0.0,0.21887566635399897,0.6377323038879017,0.2542162511259721,0.0,0.64,0.7798189381192847,0.64
587,0.5489274659911066,0.6402505329932195,0.0,0.15366822925802934,0.6772535736928272,0.21496348953340966,0.0,0.64,0.7582299192433753,0.64
588,0.5667521033849806,0.6458079668844727,0.0,0.1496090954016657,0.626581570231668,0.18944990503694922,0.0,0.64,0.7441974477703222,0.64
589,0.5656112374784193,0.6515154825612322,0.0,0.17881468368013673,0.6215155765756085,0.18529804008080544,0.0,0.64,0.7419139220444431,0.64
590,0.5062202283434918,0.6573572733800792,0.0,0.17409270212497013,0.658790484326784,0.1809236083299534,0.0,0.64,0.7395079845814744,0.64
591,0.577445505301229,0.6633171608301468,0.0,0.194057619170102,0.6748633420372867,0.18605097122267733,0.0,0.64,0.7423280341724725,0.64
592,0.5793747226890549,0.6693786393385961,0.0,0.2886853744989151,0.6781576712941838,0.22611823150441857,0.0,0.64,0.7643650273274303,0.64
593,0.5982688087895435,0.6755249219818683,0.005292435808774233,0.2838179097504071,0.7614639362371753,0.24864350522021553,0.0,0.6429108396948259,0.7767539278711186,0.64
594,0.5607417812889667,0.6817389869761283,0.0,0.1553708639276968,0.644121025336826,0.21223096637810512,0.0,0.64,0.7567270315079578,0.64
595,0.5630971117935293,0.6880036248181335,0.0,0.1869475329421818,0.7050372450129939,0.2023606122282724,0.0,0.64,0.7512983367255498,0.64
596,0.5968721034369872,0.6943014859459873,0.0,0.37555752302245093,0.6682501845441221,0.2699746430333848,0.0,0.64,0.7884860536683617,0.64
597,0.5662631152409946,0.7006151287877718,0.0,0.1068488591761505,0.6689570906823112,0.20629226137740742,0.0,0.64,0.7534607437575741,0.64
598,0.6172219599078348,0.7069270680650008,0.0,0.08662775849445192,0.7277728204887686,0.15957665110984504,0.0,0.64,0.7277671581104148,0.64
599,0.590711648460419,0.7132198232171154,0.0,0.20943355714723072,0.7012968373858615,0.17904019907500132,0.0,0.64,0.7384721094912507,0.64
